# family	시각·기간·속도·빈도·지연의 시간 비교
# axes	시작점, 경과시간, 평균/순간 속도, 주기, 지연 분포
# columns	concepts	relations	other_category	logic_pattern	directly_authored_text
# 001~030 시간량·속도·빈도의 크기 비교
같은시간대두회의시작시각차	other,comparison,attribute	multidimensional_order	magnitude_comparison	같은시간대두회의시작시각차는 날짜와 표준시 기준을 맞춘 뒤 두 시계 읽음을 뺀 값이다. 오전·오후 표기나 지역 오프셋이 다르면 먼저 변환한다.
자정기준두열차출발시각순위	other,comparison,classification	multidimensional_order	magnitude_comparison	자정기준두열차출발시각순위는 같은 날짜의 0시부터 지난 시간을 공통 단위로 바꿔 앞뒤를 정한다. 운행 소요시간이 짧은 순서와 출발 순서는 다르다.
협정세계시로맞춘두로그시각	other,comparison,process	multidimensional_order	magnitude_comparison	협정세계시로맞춘두로그시각은 각 서버의 지역시와 오프셋을 변환해 사건 발생 순서를 비교한다. 화면에 적힌 시각 숫자만으로 선후를 판단하지 않는다.
밀리초로통일한두처리기간차	other,comparison,attribute	multidimensional_order	magnitude_comparison	밀리초로통일한두처리기간차는 초와 밀리초로 기록된 시작·종료 간격을 같은 단위에서 뺀다. 절대 완료시각과 처리에 걸린 기간을 구분한다.
분으로환산한두대기시간비	other,comparison,state	multidimensional_order	magnitude_comparison	분으로환산한두대기시간비는 초와 분으로 보고된 대기 기간을 통일해 몇 배인지 계산한다. 서로 다른 관측 시작점에서 잰 값인지도 확인해야 한다.
시간으로맞춘두작업소요기간	other,comparison,process	multidimensional_order	magnitude_comparison	시간으로맞춘두작업소요기간은 분 단위 작업과 시간 단위 작업의 경과량을 동일 척도로 비교한다. 휴식 시간을 포함했는지 조건이 같아야 한다.
일수기준두계약유효기간차	other,comparison,boundary	multidimensional_order	magnitude_comparison	일수기준두계약유효기간차는 시작일과 종료일의 포함 규칙을 맞춰 달력 날짜 수를 비교한다. 종료일 포함 여부가 다르면 하루 차이가 생길 수 있다.
초단위두주자의완주시간순위	other,comparison,state	multidimensional_order	magnitude_comparison	초단위두주자의완주시간순위는 같은 코스에서 출발 신호부터 결승 통과까지의 경과시간을 비교한다. 출발 시각이 빠른 사람이 더 빠른 기록인 것은 아니다.
미터매초로통일한차량속도차	other,comparison,attribute	multidimensional_order	magnitude_comparison	미터매초로통일한차량속도차는 킬로미터매시 값을 변환해 같은 순간의 이동률을 뺀다. 측정 시점과 주행 구간이 다르면 직접 비교가 약해진다.
킬로미터매시기준두평균속도	other,comparison,process	multidimensional_order	magnitude_comparison	킬로미터매시기준두평균속도는 각 이동거리 전체를 경과시간으로 나눈 뒤 같은 단위에서 정렬한다. 정차 포함 여부에 따라 값이 달라진다.
초당미터로맞춘유체유속순위	other,comparison,attribute	multidimensional_order	magnitude_comparison	초당미터로맞춘유체유속순위는 서로 다른 센서 단위를 변환해 같은 지점·시각 조건에서 비교한다. 관 단면 전체 유량과 국소 속도는 다른 양이다.
초당프레임영상재생률차	other,comparison,classification	multidimensional_order	magnitude_comparison	초당프레임영상재생률차는 한 초에 표시하는 화면 수를 같은 기준으로 뺀 값이다. 영상 전체 길이나 각 프레임의 노출시간과 직접 같지 않다.
헤르츠로통일한두진동빈도	other,comparison,attribute	multidimensional_order	magnitude_comparison	헤르츠로통일한두진동빈도는 분당 회수나 초당 회수를 변환해 단위시간 반복 횟수를 비교한다. 진폭이 더 크다는 결론은 포함하지 않는다.
분당회수로맞춘심박빈도차	other,comparison,state	multidimensional_order	magnitude_comparison	분당회수로맞춘심박빈도차는 같은 측정 구간에서 센 박동 수를 분 기준으로 환산한다. 짧은 창의 순간 변동과 장시간 평균을 섞지 않는다.
초당요청수두서버처리율비	other,comparison,function	multidimensional_order	magnitude_comparison	초당요청수두서버처리율비는 같은 요청 종류와 동시성에서 완료한 수를 시간으로 나눠 비교한다. 개별 요청 지연이 짧은 순위와 처리율 순위는 다를 수 있다.
분당생산수두설비생산율	other,comparison,process	multidimensional_order	magnitude_comparison	분당생산수두설비생산율은 양품 수와 실제 가동시간을 같은 단위로 맞춰 비교한다. 휴지시간을 분모에 넣었는지에 따라 순위가 변한다.
초단위두신호주기차	other,comparison,attribute	multidimensional_order	magnitude_comparison	초단위두신호주기차는 반복 파형이 한 번 되돌아오는 시간을 동일 단위에서 비교한다. 주기가 긴 신호는 같은 정의에서 빈도가 낮다.
밀리초로바꾼센서샘플주기	other,comparison,classification	multidimensional_order	magnitude_comparison	밀리초로바꾼센서샘플주기는 초 단위 설정과 나란히 놓아 어느 센서가 더 자주 읽는지 판단한다. 작은 주기와 큰 샘플 빈도의 관계를 뒤집지 않는다.
나노초기준두클록주기비	other,comparison,attribute	multidimensional_order	magnitude_comparison	나노초기준두클록주기비는 기가헤르츠 표기와 주기 값을 역수 관계로 변환해 비교한다. 클록이 빠르다는 사실만으로 전체 작업이 같은 비율로 빨라지지 않는다.
밀리초기준두응답지연중앙값	other,comparison,state	multidimensional_order	magnitude_comparison	밀리초기준두응답지연중앙값은 같은 요청 집합에서 절반이 그 이하로 끝나는 시간을 비교한다. 평균 지연이나 가장 느린 꼬리값과 구분한다.
마이크로초로통일한통신왕복지연	other,comparison,process	multidimensional_order	magnitude_comparison	마이크로초로통일한통신왕복지연은 요청 송신부터 응답 수신까지의 간격을 같은 단위로 맞춘다. 편도 지연 두 배와 정확히 같다고 가정하지 않는다.
초단위두서비스시작지연차	other,comparison,state	multidimensional_order	magnitude_comparison	초단위두서비스시작지연차는 실행 명령 시점부터 준비 완료까지 걸린 시간을 비교한다. 절대 부팅 시각이 다르더라도 경과 기준을 같게 잡는다.
분기별보고주기의개월차	other,comparison,classification	multidimensional_order	magnitude_comparison	분기별보고주기의개월차는 보고서 발행 간격을 달력 월 수로 나타내 비교한다. 월 길이가 달라 실제 일수 간격은 동일하지 않을 수 있다.
두약물투여간격의시간비	other,comparison,boundary	multidimensional_order	magnitude_comparison	두약물투여간격의시간비는 연속 투여 시점 사이 경과량을 같은 시간 단위로 나눈다. 총 치료기간이나 한 번의 작용 지속시간과는 별개다.
두배터리충전완료기간차	other,comparison,process	multidimensional_order	magnitude_comparison	두배터리충전완료기간차는 같은 시작 잔량에서 목표 잔량에 도달할 때까지의 경과시간을 뺀 값이다. 용량과 충전 전력이 다르면 조건을 함께 적는다.
두파일전송완료속도비	other,comparison,function	multidimensional_order	magnitude_comparison	두파일전송완료속도비는 전송한 바이트를 실제 경과시간으로 나눠 같은 단위에서 비교한다. 파일 크기가 작은 쪽이 먼저 끝난 사실과 속도 우위를 구별한다.
두엘리베이터평균이동속도	other,comparison,process	multidimensional_order	magnitude_comparison	두엘리베이터평균이동속도는 층간 이동거리를 문 닫힘부터 도착까지의 시간으로 나눈다. 대기시간 포함 여부가 다르면 같은 지표가 아니다.
두공정택트시간순위	other,comparison,function	multidimensional_order	magnitude_comparison	두공정택트시간순위는 한 완제품 수요를 맞추기 위해 허용되는 단위 생산 간격을 비교한다. 실제 사이클시간과 고객 수요 기준 택트를 구분한다.
두대기열체류시간차	other,comparison,state	multidimensional_order	magnitude_comparison	두대기열체류시간차는 항목이 줄에 들어온 시각부터 서비스를 시작한 시각까지의 간격을 비교한다. 처리시간까지 포함한 총응답시간과 다르다.
두사건발생간격의절대차	other,comparison,attribute	multidimensional_order	magnitude_comparison	두사건발생간격의절대차는 각 사건쌍의 시작 시각 차를 같은 시간 척도에서 뺀 크기다. 어느 사건이 먼저였는지는 절대값만으로 알 수 없다.
# 031~060 시간 개념과 집계 방식의 대조
시각과기간의의미대조	other,contrast,classification	qualitative_tradeoff	categorical_contrast	시각과기간의의미대조는 공통 시간축의 한 위치와 두 시점 사이 경과량을 구분한다. 오후 세 시라는 값과 세 시간 걸렸다는 값을 직접 비교하지 않는다.
시작시각과완료시각의역할대조	other,contrast,process	qualitative_tradeoff	categorical_contrast	시작시각과완료시각의역할대조는 사건 구간의 양끝 위치를 나눈다. 완료가 더 늦다는 사실과 작업 기간이 더 길다는 결론 사이에는 시작점 정보가 필요하다.
달력일수와경과시간의대조	other,contrast,boundary	qualitative_tradeoff	categorical_contrast	달력일수와경과시간의대조는 날짜 경계를 몇 번 넘었는지와 실제 초 단위 간격을 구분한다. 자정 근처의 짧은 사건도 달력상 이틀에 걸칠 수 있다.
영업일기간과전체일수대조	other,contrast,classification	qualitative_tradeoff	categorical_contrast	영업일기간과전체일수대조는 주말·휴일을 제외한 작업 가능 날짜 수와 연속 달력일을 나눈다. 같은 시작과 끝에서도 두 기간값이 다르다.
현지시각과협정세계시대조	other,contrast,boundary	qualitative_tradeoff	categorical_contrast	현지시각과협정세계시대조는 지역 오프셋이 적용된 표시와 전 세계 공통 기준축을 구분한다. 숫자가 다른 두 표기가 같은 순간을 가리킬 수 있다.
벽시계시각과단조시간대조	other,contrast,function	qualitative_tradeoff	categorical_contrast	벽시계시각과단조시간대조는 날짜 조정이 가능한 절대 표시와 뒤로 가지 않는 경과 측정 기준을 나눈다. 작업 소요시간에는 시계 보정 영향을 받지 않는 축이 적합하다.
평균속도와순간속도대조	other,contrast,comparison	qualitative_tradeoff	categorical_contrast	평균속도와순간속도대조는 전체 이동거리와 기간의 비율과 특정 시점의 변화율을 구분한다. 평균이 같아도 가속과 정지 양상은 크게 다를 수 있다.
평균속력과평균속도벡터대조	other,contrast,classification	qualitative_tradeoff	categorical_contrast	평균속력과평균속도벡터대조는 이동한 총경로를 시간으로 나눈 양과 시작·끝 변위를 시간으로 나눈 방향량을 구분한다. 왕복에서는 후자가 영이 될 수 있다.
주기와빈도의역수대조	other,contrast,attribute	qualitative_tradeoff	categorical_contrast	주기와빈도의역수대조는 한 번 반복하는 데 걸린 시간과 단위시간 반복 횟수를 구분한다. 같은 현상을 나타내지만 큰값 순위는 서로 반대다.
회전수와회전빈도의대조	other,contrast,boundary	qualitative_tradeoff	categorical_contrast	회전수와회전빈도의대조는 관측 구간의 총회수와 초당 반복률을 나눈다. 관측시간이 길면 회전수가 커져도 빈도는 같을 수 있다.
샘플주기와샘플링률대조	other,contrast,attribute	qualitative_tradeoff	categorical_contrast	샘플주기와샘플링률대조는 두 측정 사이 시간과 한 초에 얻는 표본 수를 구분한다. 더 작은 주기가 더 높은 비율을 뜻하는 반대 순서를 기억한다.
처리량과개별지연의대조	other,contrast,function	qualitative_tradeoff	categorical_contrast	처리량과개별지연의대조는 단위시간 완료 건수와 한 요청이 끝나기까지의 시간을 나눈다. 병렬 처리는 처리량을 높여도 각 요청 지연을 줄이지 않을 수 있다.
서비스시간과대기시간대조	other,contrast,process	qualitative_tradeoff	categorical_contrast	서비스시간과대기시간대조는 실제 자원을 사용해 처리한 기간과 앞선 작업 때문에 기다린 기간을 구분한다. 총체류시간에는 둘이 함께 포함된다.
응답시간과왕복시간대조	other,contrast,boundary	qualitative_tradeoff	categorical_contrast	응답시간과왕복시간대조는 응용 처리까지 포함한 완료 간격과 네트워크 신호가 갔다 돌아오는 간격을 나눈다. 측정 시작·종료 사건을 명시해야 한다.
전송지연과전파지연대조	other,contrast,classification	qualitative_tradeoff	categorical_contrast	전송지연과전파지연대조는 패킷 비트를 링크에 밀어 넣는 시간과 신호가 매질을 이동하는 시간을 구분한다. 대역폭과 거리의 영향이 각각 다르다.
초기지연과지속처리율대조	other,contrast,function	qualitative_tradeoff	categorical_contrast	초기지연과지속처리율대조는 첫 결과가 나오기까지 기다리는 시간과 이후 단위시간 결과 수를 나눈다. 파이프라인은 전자는 길어도 후자는 높을 수 있다.
평균지연과중앙지연대조	other,contrast,comparison	qualitative_tradeoff	categorical_contrast	평균지연과중앙지연대조는 모든 값을 합한 중심과 절반 위치의 값을 구분한다. 드문 매우 느린 요청이 있으면 평균만 크게 올라갈 수 있다.
중앙지연과상위백분위지연대조	other,contrast,boundary	qualitative_tradeoff	categorical_contrast	중앙지연과상위백분위지연대조는 보통 요청 경험과 느린 꼬리 구간의 경계를 나눠 보여 준다. 한 값이 낮다고 전체 사용자 지연이 낮은 것은 아니다.
최소지연과평균지연대조	other,contrast,state	qualitative_tradeoff	categorical_contrast	최소지연과평균지연대조는 가장 좋은 한 번의 시간과 여러 실행의 대표 시간을 구분한다. 캐시가 우연히 맞은 최소값으로 일반 성능을 평가하지 않는다.
마감시각과남은기간대조	other,contrast,process	qualitative_tradeoff	categorical_contrast	마감시각과남은기간대조는 시간축의 고정 위치와 현재부터 그 위치까지의 경과량을 나눈다. 현재 시각이 바뀌면 남은 기간만 계속 줄어든다.
유효기간과갱신주기대조	other,contrast,boundary	qualitative_tradeoff	categorical_contrast	유효기간과갱신주기대조는 한 항목이 쓸 수 있는 지속시간과 새 값을 만드는 반복 간격을 구분한다. 갱신이 더 잦으면 여러 유효 항목이 겹칠 수 있다.
가동시간과경과달력시간대조	other,contrast,state	qualitative_tradeoff	categorical_contrast	가동시간과경과달력시간대조는 설비가 실제 작동한 누적 시간과 관측 시작부터 끝까지의 전체 기간을 나눈다. 정지와 정비 구간은 전자에서 제외될 수 있다.
활동시간과유휴시간대조	other,contrast,classification	qualitative_tradeoff	categorical_contrast	활동시간과유휴시간대조는 자원이 작업을 수행한 구간과 준비된 채 기다린 구간을 구분한다. 둘의 합이 전체 점유시간인지 정의를 확인해야 한다.
주행시간과정차포함시간대조	other,contrast,process	qualitative_tradeoff	categorical_contrast	주행시간과정차포함시간대조는 차량이 움직인 기간과 신호·휴식 정지를 포함한 출발-도착 간격을 나눈다. 평균속도 계산의 분모가 달라진다.
노출시간과촬영간격대조	other,contrast,attribute	qualitative_tradeoff	categorical_contrast	노출시간과촬영간격대조는 한 프레임이 빛을 모으는 기간과 연속 프레임 시작 사이 시간을 구분한다. 노출이 짧아도 촬영 빈도가 낮을 수 있다.
프레임기간과영상길이대조	other,contrast,part_of	qualitative_tradeoff	categorical_contrast	프레임기간과영상길이대조는 한 화면이 차지하는 시간과 모든 프레임을 재생하는 총기간을 나눈다. 프레임 수를 알아야 두 값 사이를 변환할 수 있다.
클록주기와명령지연대조	other,contrast,function	qualitative_tradeoff	categorical_contrast	클록주기와명령지연대조는 하드웨어 한 박자의 시간과 특정 작업이 여러 박자를 거쳐 끝나는 시간을 구분한다. 더 짧은 클록이 모든 명령 지연을 같은 비율로 줄이지 않는다.
예약시각과실제시작시각대조	other,contrast,state	qualitative_tradeoff	categorical_contrast	예약시각과실제시작시각대조는 계획된 시간축 위치와 관측된 실행 시작을 구분한다. 둘의 차이가 일정 지연이며 작업 소요기간과는 별도다.
예상완료시간과관측완료시간대조	other,contrast,boundary	qualitative_tradeoff	categorical_contrast	예상완료시간과관측완료시간대조는 모형이 제시한 미래 시각과 실제 끝난 시각을 나눈다. 예측 오차와 작업 자체의 기간을 같은 값으로 쓰지 않는다.
동시발생과짧은간격발생대조	other,contrast,classification	qualitative_tradeoff	categorical_contrast	동시발생과짧은간격발생대조는 시간 해상도 안에서 같은 순간인 사건과 구별 가능한 작은 선후가 있는 사건을 나눈다. 센서 분해능이 판정 경계를 정한다.
# 061~090 기준 거리·작업량·창으로 정규화한 시간 비교
킬로미터당주행시간비교	other,comparison,attribute	baseline_normalization	normalized_comparison	킬로미터당주행시간비교는 각 노선의 총 주행시간을 거리로 나눠 길이가 다른 경로의 느림 정도를 맞춘다. 정차 포함 여부와 도로 조건을 같게 한다.
백미터당달리기시간비교	other,comparison,state	baseline_normalization	normalized_comparison	백미터당달리기시간비교는 서로 다른 경기 거리의 기록을 기준 거리로 환산한 단순 평균이다. 피로와 가속 구간 때문에 실제 단거리 기록을 정확히 예측하지 않는다.
작업건당평균처리시간비교	other,comparison,function	baseline_normalization	normalized_comparison	작업건당평균처리시간비교는 총 가동시간을 완료한 건수로 나눠 규모가 다른 배치를 비교한다. 병렬 작업에서는 개별 지연과 역수 관계가 단순하지 않다.
파일메가바이트당전송시간비교	other,comparison,process	baseline_normalization	normalized_comparison	파일메가바이트당전송시간비교는 전송 기간을 데이터 크기로 나눠 파일 크기 차를 조정한다. 연결 설정의 고정 지연이 작은 파일에서 크게 반영된다.
요청천건당총처리시간비교	other,comparison,function	baseline_normalization	normalized_comparison	요청천건당총처리시간비교는 같은 부하 조건에서 완료 기간을 표준 작업량으로 환산한다. 동시성 수준이 다르면 선형 확장을 가정할 수 없다.
제품한개당사이클시간비교	other,comparison,process	baseline_normalization	normalized_comparison	제품한개당사이클시간비교는 배치 전체 소요시간을 양품 수로 나눠 설비 생산 속도를 맞춘다. 재작업품과 불량품을 분모에 포함했는지 밝힌다.
승객한명당탑승처리시간	other,comparison,role	baseline_normalization	normalized_comparison	승객한명당탑승처리시간은 탑승구 개방부터 종료까지의 기간을 실제 탑승 인원으로 나눈 값이다. 여러 사람이 동시에 움직이므로 개인 체류시간과 같지 않다.
환자한명당평균진료시간	other,comparison,role	baseline_normalization	normalized_comparison	환자한명당평균진료시간은 총 진료 가동시간을 완료 인원으로 나눠 기관 규모를 조정한다. 각 환자의 대기시간과 의료진 접촉시간은 따로 측정한다.
페이지한장당인쇄시간비교	other,comparison,function	baseline_normalization	normalized_comparison	페이지한장당인쇄시간비교는 문서 전체 출력기간을 장수로 나눠 작업량을 맞춘다. 첫 장 준비 지연과 양면 전환 때문에 긴 문서에서 값이 달라질 수 있다.
샘플한개당분석시간비교	other,comparison,process	baseline_normalization	normalized_comparison	샘플한개당분석시간비교는 배치 검사기간을 처리된 시료 수로 나눈다. 준비 단계가 공동으로 수행되면 개별 분석 지연과 평균값이 다르다.
거리당평균속도손실비교	other,comparison,attribute	baseline_normalization	normalized_comparison	거리당평균속도손실비교는 기준 속도와 관측 속도의 차를 노선 길이나 구간 수에 맞춰 본다. 긴 노선의 절대 지연이 크다는 사실만으로 효율을 판단하지 않는다.
정차횟수당추가지연비교	other,comparison,process	baseline_normalization	normalized_comparison	정차횟수당추가지연비교는 무정차 예상시간을 넘은 기간을 실제 정차 수로 나눈다. 각 정차 원인과 지속시간이 달라 대표값의 범위를 함께 본다.
홉당네트워크왕복시간	other,comparison,function	baseline_normalization	normalized_comparison	홉당네트워크왕복시간은 전체 왕복 지연을 중계 구간 수로 나눠 경로 길이 차를 조정한다. 특정 느린 링크가 있으면 단순 평균이 병목을 숨긴다.
연산단계당실행시간비교	other,comparison,process	baseline_normalization	normalized_comparison	연산단계당실행시간비교는 알고리즘 총시간을 정의된 기본 단계 수로 나눠 입력 크기 차를 맞춘다. 모든 단계의 비용이 같다는 가정을 확인해야 한다.
클록주기당완료명령수비교	other,comparison,function	baseline_normalization	normalized_comparison	클록주기당완료명령수비교는 시간당 처리량을 하드웨어 박자 수 기준으로 환산한다. 클록 빈도와 병렬 실행 폭이 다른 장치를 공정하게 보려는 지표다.
하루당평균사건발생수	other,comparison,state	baseline_normalization	normalized_comparison	하루당평균사건발생수는 관측된 총 사건을 실제 감시 일수로 나눠 기간 길이를 맞춘다. 계절 변화가 크면 전체 평균만으로 시기별 빈도를 비교하지 않는다.
시간당평균고장횟수비교	other,comparison,state	baseline_normalization	normalized_comparison	시간당평균고장횟수비교는 고장 건수를 설비가 실제 노출된 가동시간으로 나눈다. 설치 기간이나 달력시간을 분모로 쓰는 비율과 구분한다.
주당평균방문빈도비교	other,comparison,classification	baseline_normalization	normalized_comparison	주당평균방문빈도비교는 방문 횟수를 관측 주 수로 나눠 조사기간이 다른 집단을 맞춘다. 휴일 구성과 누락 기록이 같은지 확인한다.
초당평균센서표본수	other,comparison,attribute	baseline_normalization	normalized_comparison	초당평균센서표본수는 실제 수집한 표본 개수를 경과시간으로 나눠 명목 설정과 비교한다. 누락과 버스트 수집이 있으면 간격은 균일하지 않다.
프레임당평균처리지연	other,comparison,process	baseline_normalization	normalized_comparison	프레임당평균처리지연은 영상 배치 처리시간을 완료 프레임 수로 나눈 값이다. 여러 프레임을 동시에 처리하면 단일 프레임 응답시간과 다르다.
문자당평균입력시간	other,comparison,attribute	baseline_normalization	normalized_comparison	문자당평균입력시간은 문장 작성 경과시간을 실제 입력 문자 수로 나눠 길이 차를 보정한다. 생각하는 정지 구간을 포함했는지에 따라 해석이 달라진다.
킬로바이트당압축시간비교	other,comparison,function	baseline_normalization	normalized_comparison	킬로바이트당압축시간비교는 총 실행시간을 원본 데이터 크기로 나눠 파일 규모를 맞춘다. 내용 복잡도와 초기화 비용 때문에 크기만으로 선형 비교하지 않는다.
거래한건당잠금대기시간	other,comparison,state	baseline_normalization	normalized_comparison	거래한건당잠금대기시간은 모든 잠금 대기기간 합을 완료 거래 수로 나눠 부하 규모를 조정한다. 기다리지 않은 거래가 많으면 일부 긴 꼬리가 가려질 수 있다.
사용자한명당서버응답부하시간	other,comparison,function	baseline_normalization	normalized_comparison	사용자한명당서버응답부하시간은 총 처리시간이나 자원 점유를 동시 사용자 수로 나눠 비교한다. 요청 수가 사용자마다 다르면 보조 기준이 필요하다.
배치크기당준비시간비율	other,comparison,process	baseline_normalization	normalized_comparison	배치크기당준비시간비율은 한 번 드는 설정기간을 생산 수량으로 나눠 배치 규모 효과를 본다. 큰 배치는 단위 준비시간을 낮추지만 재고 대기는 늘 수 있다.
운행시간당정비중단시간	other,comparison,state	baseline_normalization	normalized_comparison	운행시간당정비중단시간은 계획·고장 정지기간을 실제 운행시간에 맞춰 차량 간 이용률을 비교한다. 관측 달력기간만 같다고 공정한 것은 아니다.
수면시간당각성횟수비교	other,comparison,state	baseline_normalization	normalized_comparison	수면시간당각성횟수비교는 깨어난 횟수를 실제 잠든 시간으로 나눠 밤 길이 차를 조정한다. 한 번 깨어 있던 지속시간은 별도 지표다.
노출시간당검출사건수	other,comparison,function	baseline_normalization	normalized_comparison	노출시간당검출사건수는 센서가 활성인 기간으로 관측 건수를 나눠 장비별 감시 기회를 맞춘다. 검출 민감도와 실제 사건 빈도가 함께 영향을 준다.
관측창당최대발생빈도	other,comparison,boundary	baseline_normalization	normalized_comparison	관측창당최대발생빈도는 같은 길이의 이동 시간창에서 사건 수가 가장 많은 구간을 비교한다. 전체기간 평균과 순간 군집 정도를 구별한다.
기준주기당위상지연비교	other,comparison,attribute	baseline_normalization	normalized_comparison	기준주기당위상지연비교는 시간 지연을 해당 신호 한 주기로 나눠 서로 다른 빈도의 위상차를 맞춘다. 같은 밀리초 지연도 주파수에 따라 각도가 달라진다.
# 091~120 성능·자원·시간의 상충 비교
빠른출발과높은순항속도절충	other,comparison,contrast	context_dependent_ranking	tradeoff	빠른출발과높은순항속도절충은 초기 가속 시간과 장거리 이동률이 서로 다른 장점을 만든다. 짧은 경로와 긴 경로에서 더 빨리 도착하는 선택이 달라질 수 있다.
낮은지연과높은처리량절충	other,comparison,function	context_dependent_ranking	tradeoff	낮은지연과높은처리량절충은 한 요청을 즉시 끝내는 목표와 많은 요청을 묶어 처리하는 목표가 맞선다. 배치 크기를 키우면 처리율은 올라가도 첫 응답은 늦어진다.
짧은주기와측정안정성절충	other,comparison,attribute	context_dependent_ranking	tradeoff	짧은주기와측정안정성절충은 자주 표본을 얻는 장점과 센서가 안정될 시간을 확보하는 장점이 충돌한다. 응답속도와 잡음 수준을 함께 비교한다.
높은샘플링률과저장시간절충	other,comparison,function	context_dependent_ranking	tradeoff	높은샘플링률과저장시간절충은 빠른 변화를 포착하는 대신 같은 용량에서 기록 가능한 총기간을 줄인다. 필요한 시간 해상도와 보존 기간을 맞춘다.
긴노출과빠른촬영빈도절충	other,comparison,contrast	context_dependent_ranking	tradeoff	긴노출과빠른촬영빈도절충은 더 많은 빛을 모으는 장점과 짧은 프레임 간격으로 움직임을 잡는 장점이 맞선다. 어두운 정지 장면과 빠른 장면의 선택이 다르다.
빠른충전과배터리수명절충	other,comparison,state	context_dependent_ranking	tradeoff	빠른충전과배터리수명절충은 완료시간을 줄이는 높은 전력과 열·열화 부담을 낮추는 완만한 충전이 충돌한다. 한 번의 속도만으로 장기 우위를 정하지 않는다.
짧은배송시간과낮은운송비절충	other,comparison,function	context_dependent_ranking	tradeoff	짧은배송시간과낮은운송비절충은 빠른 수단의 시간 이점과 느린 대량 수송의 비용 이점이 맞선다. 마감과 물량에 따라 선택 순위가 바뀐다.
긴검사시간과높은검출률절충	other,comparison,boundary	context_dependent_ranking	tradeoff	긴검사시간과높은검출률절충은 더 많은 관측으로 작은 결함을 찾는 장점과 생산 지연을 줄이는 장점이 충돌한다. 위험 수준별 허용 시간을 정한다.
빠른응답과정확한계산절충	other,comparison,attribute	context_dependent_ranking	tradeoff	빠른응답과정확한계산절충은 근사 결과를 일찍 주는 방식과 더 많은 연산 뒤 정밀한 값을 주는 방식의 선택이다. 용도에 따라 시간과 오차의 가중치가 달라진다.
짧은회의와충분한논의절충	other,comparison,role	context_dependent_ranking	tradeoff	짧은회의와충분한논의절충은 참여자의 시간을 아끼는 장점과 쟁점을 검토해 결정 품질을 높이는 장점이 맞선다. 안건 복잡도에 따라 적정 기간이 달라진다.
긴휴식과빠른업무복귀절충	other,comparison,state	context_dependent_ranking	tradeoff	긴휴식과빠른업무복귀절충은 회복을 충분히 얻는 이점과 가동 중단을 줄이는 이점이 충돌한다. 피로 수준과 작업 위험을 함께 본다.
잦은백업과낮은운영부하절충	other,comparison,function	context_dependent_ranking	tradeoff	잦은백업과낮은운영부하절충은 손실 가능한 시간 구간을 줄이는 장점과 저장·처리 부담을 낮추는 장점이 맞선다. 변경 빈도에 맞춰 주기를 정한다.
짧은캐시수명과최신성절충	other,comparison,state	context_dependent_ranking	tradeoff	짧은캐시수명과최신성절충은 원본 갱신을 빨리 반영하지만 재검증 요청을 늘린다. 긴 수명은 응답을 빠르게 해도 오래된 값을 제공할 위험이 있다.
긴세션유효기간과보안절충	other,comparison,boundary	context_dependent_ranking	tradeoff	긴세션유효기간과보안절충은 재인증 빈도를 낮춰 편리하지만 탈취된 자격이 쓰일 시간을 늘린다. 사용자 위험과 작업 지속성을 함께 평가한다.
빠른시간초과와재시도안정성절충	other,comparison,process	context_dependent_ranking	tradeoff	빠른시간초과와재시도안정성절충은 장애를 일찍 감지하는 장점과 일시적으로 느린 정상 응답을 기다리는 장점이 맞선다. 지연 분포에 맞는 한계를 쓴다.
긴대기열과높은자원이용률절충	other,comparison,function	context_dependent_ranking	tradeoff	긴대기열과높은자원이용률절충은 설비를 쉬지 않게 하는 장점과 고객 체류시간 증가가 충돌한다. 처리율과 대기 경험을 한 축으로만 비교하지 않는다.
작은배치와짧은첫응답절충	other,comparison,process	context_dependent_ranking	tradeoff	작은배치와짧은첫응답절충은 데이터가 빨리 처리되지만 고정 준비비가 자주 든다. 큰 배치는 효율적이어도 항목이 모일 때까지 기다려야 한다.
높은클록빈도와전력소모절충	other,comparison,attribute	context_dependent_ranking	tradeoff	높은클록빈도와전력소모절충은 연산 박자를 줄이는 장점과 열·에너지 증가가 맞선다. 열 제한으로 장시간 평균 속도가 떨어질 가능성도 본다.
느린정밀센서와빠른근사센서	other,comparison,contrast	context_dependent_ranking	tradeoff	느린정밀센서와빠른근사센서는 작은 오차를 얻는 시간과 빠른 갱신률 사이에서 다른 우위를 가진다. 제어 주기와 허용 오차가 선택을 정한다.
실시간처리와긴문맥분석절충	other,comparison,function	context_dependent_ranking	tradeoff	실시간처리와긴문맥분석절충은 즉시 반응하는 장점과 더 넓은 시간창을 보고 안정적인 판단을 내리는 장점이 충돌한다. 지연 예산을 먼저 정한다.
짧은관측창과빠른변화감지절충	other,comparison,state	context_dependent_ranking	tradeoff	짧은관측창과빠른변화감지절충은 상태 변화를 빨리 따라가지만 우연한 흔들림에 민감하다. 긴 창은 부드럽지만 전환 시점이 늦게 나타난다.
긴평균창과잡음감소절충	other,comparison,attribute	context_dependent_ranking	tradeoff	긴평균창과잡음감소절충은 변동을 줄여 대표값을 안정시키지만 순간 사건을 희석한다. 필요한 시간 해상도에 따라 창 길이 순위가 달라진다.
빠른경로와혼잡회피경로절충	other,comparison,process	context_dependent_ranking	tradeoff	빠른경로와혼잡회피경로절충은 평상시 짧은 이동시간과 변동이 적은 우회시간 사이의 선택이다. 평균뿐 아니라 지연 꼬리와 신뢰성을 함께 본다.
정시출발과환승승객대기절충	other,comparison,role	context_dependent_ranking	tradeoff	정시출발과환승승객대기절충은 현재 노선 지연을 막는 장점과 늦은 연결편 승객을 태우는 장점이 맞선다. 전체 여정 시간 기준에서 평가한다.
짧은보증기간과낮은제품가격절충	other,comparison,boundary	context_dependent_ranking	tradeoff	짧은보증기간과낮은제품가격절충은 판매자 위험 비용을 낮추지만 구매자의 장기 보호 시간을 줄인다. 사용기간 예상과 고장 분포에 따라 가치가 달라진다.
긴숙성기간과빠른출하절충	other,comparison,process	context_dependent_ranking	tradeoff	긴숙성기간과빠른출하절충은 품질 발달을 기다리는 장점과 재고 회전 시간을 줄이는 장점이 충돌한다. 제품 특성과 저장 비용을 함께 비교한다.
잦은점검과설비가동시간절충	other,comparison,function	context_dependent_ranking	tradeoff	잦은점검과설비가동시간절충은 고장을 일찍 찾는 이점과 점검 중 생산 중단을 줄이는 이점이 맞선다. 위험도에 따라 적정 주기를 정한다.
빠른알림과오탐감소절충	other,comparison,boundary	context_dependent_ranking	tradeoff	빠른알림과오탐감소절충은 짧은 확인창으로 즉시 경보하는 방식과 더 오래 관찰해 우연한 신호를 거르는 방식의 선택이다. 사건 비용을 반영한다.
긴데이터보존과검색속도절충	other,comparison,function	context_dependent_ranking	tradeoff	긴데이터보존과검색속도절충은 과거 분석 범위를 넓히지만 저장량과 색인 시간이 늘어난다. 계층 저장을 쓰면 접근 지연도 기간별로 달라진다.
빈번한갱신과일관성안정시간절충	other,comparison,state	context_dependent_ranking	tradeoff	빈번한갱신과일관성안정시간절충은 새 정보를 빨리 반영하지만 복제본이 합의할 여유를 줄인다. 읽기 최신성과 시스템 안정의 기준을 함께 둔다.
# 121~150 시간 측정·분포의 불확실성 비교
두시계동기오차구간비교	other,comparison,attribute	uncertainty_interval	uncertainty_comparison	두시계동기오차구간비교는 각 장치가 공통 기준시에서 벗어날 수 있는 범위를 붙여 사건 선후를 판단한다. 오차 폭보다 작은 시각 차는 확정 순서가 아니다.
로그타임스탬프해상도의동시성범위	other,comparison,boundary	uncertainty_interval	uncertainty_comparison	로그타임스탬프해상도의동시성범위는 같은 표기값 안에 여러 사건이 놓일 수 있는 최소 시간창이다. 기록 순서만으로 실제 발생 순서를 단정하지 않는다.
시작버튼반응지연의측정범위	other,comparison,state	uncertainty_interval	uncertainty_comparison	시작버튼반응지연의측정범위는 사람의 누름과 기록 장치 감지 사이 오차를 포함한 구간이다. 짧은 작업에서는 이 초기 오차가 기간 비교를 크게 흔든다.
종료판정시점의표본간격오차	other,comparison,process	uncertainty_interval	uncertainty_comparison	종료판정시점의표본간격오차는 상태를 주기적으로 확인할 때 실제 완료가 두 관측 사이 어디에 있었는지 나타낸다. 기록 시각을 정확한 전이 순간으로 보지 않는다.
초시계판독시간의인간반응오차	other,comparison,attribute	uncertainty_interval	uncertainty_comparison	초시계판독시간의인간반응오차는 시작과 종료 버튼을 누르는 반응 지연이 기록에 더해진 범위다. 두 참가자의 작은 시간 차가 이 범위보다 큰지 확인한다.
네트워크시각동기편차의사건순서	other,comparison,boundary	uncertainty_interval	uncertainty_comparison	네트워크시각동기편차의사건순서는 서버별 오프셋 가능 구간을 고려해 메시지 선후가 확실한지 판단한다. 타임스탬프 숫자 차만으로 인과를 정하지 않는다.
반올림된분단위기간의가능범위	other,comparison,classification	uncertainty_interval	uncertainty_comparison	반올림된분단위기간의가능범위는 정수 분으로 표시된 값 주변의 실제 초 구간이다. 둘 다 오 분으로 적혔다고 경과시간이 정확히 같은 것은 아니다.
달력월기간의일수변동범위	other,comparison,state	uncertainty_interval	uncertainty_comparison	달력월기간의일수변동범위는 시작 월과 윤년 여부에 따라 한 달이 갖는 실제 일수 차이다. 개월 수만 같은 두 계약의 초 단위 기간은 달라질 수 있다.
평균속도추정의거리시간오차	other,comparison,attribute	uncertainty_interval	uncertainty_comparison	평균속도추정의거리시간오차는 이동거리와 경과시간 양쪽 측정 범위를 나눗셈 결과에 전파한 값이다. 한 입력만 정밀해도 최종 순위가 확실하지 않을 수 있다.
순간속도창길이의추정범위	other,comparison,boundary	uncertainty_interval	uncertainty_comparison	순간속도창길이의추정범위는 매우 짧은 구간과 긴 구간에서 계산한 변화율이 달라지는 폭이다. 잡음과 실제 가속을 분리할 시간창을 명시한다.
빈도계수창의포아송변동구간	other,comparison,state	uncertainty_interval	uncertainty_comparison	빈도계수창의포아송변동구간은 제한된 관측시간에 센 사건 수가 우연히 흔들릴 수 있는 범위다. 관측 회수가 적으면 평균 빈도 차이를 과신하지 않는다.
주기측정영점교차잡음범위	other,comparison,attribute	uncertainty_interval	uncertainty_comparison	주기측정영점교차잡음범위는 파형이 기준선을 지나는 시각이 잡음 때문에 앞뒤로 이동하는 폭이다. 여러 주기를 평균해도 체계적 문턱 오차는 남을 수 있다.
프레임률표기의가변간격범위	other,comparison,state	uncertainty_interval	uncertainty_comparison	프레임률표기의가변간격범위는 평균 초당 프레임 수가 같아도 개별 화면 간 시간이 흔들리는 구간을 나타낸다. 평균값만으로 재생 부드러움을 비교하지 않는다.
센서샘플지터의도착시각구간	other,comparison,process	uncertainty_interval	uncertainty_comparison	센서샘플지터의도착시각구간은 명목 주기 주변에서 실제 표본 시각이 앞뒤로 흔들리는 범위다. 값 변화와 시간축 오차를 따로 추정한다.
서버응답지연의평균신뢰구간	other,comparison,attribute	uncertainty_interval	uncertainty_comparison	서버응답지연의평균신뢰구간은 표본 요청들로 추정한 장기 평균이 놓일 가능 범위를 나타낸다. 부하 시점과 요청 종류가 대표적인지 함께 확인한다.
응답지연중앙값의부트스트랩범위	other,comparison,state	uncertainty_interval	uncertainty_comparison	응답지연중앙값의부트스트랩범위는 관측 표본을 다시 뽑아 중앙값 변동을 추정한 구간이다. 두 서비스 범위가 크게 겹치면 순위 확신이 낮다.
상위백분위지연의표본부족오차	other,comparison,boundary	uncertainty_interval	uncertainty_comparison	상위백분위지연의표본부족오차는 느린 꼬리에 해당하는 관측 수가 적어 경계값이 크게 흔들리는 범위다. 짧은 시험의 구십구백분위를 정밀하게 보지 않는다.
최대지연의관측기간의존범위	other,comparison,process	uncertainty_interval	uncertainty_comparison	최대지연의관측기간의존범위는 더 오래 측정할수록 드문 느린 요청을 만날 가능성이 커지는 효과다. 시험 길이가 다른 시스템의 최대값을 직접 비교하지 않는다.
왕복지연에서편도시간추정오차	other,comparison,boundary	uncertainty_interval	uncertainty_comparison	왕복지연에서편도시간추정오차는 양방향 경로가 같다는 가정이 틀릴 때 절반값에서 벗어나는 범위다. 각 방향 혼잡과 처리시간을 분리해야 한다.
대기시간분포의검열자료범위	other,comparison,state	uncertainty_interval	uncertainty_comparison	대기시간분포의검열자료범위는 관측 종료 때 아직 기다리는 항목의 정확한 완료기간을 모르는 상태다. 완료된 사례만으로 평균을 내면 짧게 편향된다.
작업완료시간의중도중단처리범위	other,comparison,boundary	uncertainty_interval	uncertainty_comparison	작업완료시간의중도중단처리범위는 실패·취소된 실행의 잠재 완료기간이 관측되지 않은 불확실성이다. 성공 사례만 비교할지 실패를 포함할지 규칙을 정한다.
교통시간의요일변동구간	other,comparison,state	uncertainty_interval	uncertainty_comparison	교통시간의요일변동구간은 같은 노선도 평일과 주말의 혼잡 패턴에 따라 달라지는 범위다. 서로 다른 요일 표본의 평균 차이를 노선 고유 차이로 단정하지 않는다.
배송시간의기상조건별범위	other,comparison,process	uncertainty_interval	uncertainty_comparison	배송시간의기상조건별범위는 비·눈·맑음 조건에서 운송기간 분포가 이동하는 폭이다. 서비스 비교에는 같은 기상 구성이나 조건별 추정이 필요하다.
생산사이클시간의작업자변동	other,comparison,role	uncertainty_interval	uncertainty_comparison	생산사이클시간의작업자변동은 숙련도와 교대에 따라 같은 공정 기간이 달라지는 범위다. 한 작업자의 빠른 기록을 설비 성능 전체로 일반화하지 않는다.
배터리충전시간의온도범위	other,comparison,state	uncertainty_interval	uncertainty_comparison	배터리충전시간의온도범위는 주변 온도와 열제한 작동에 따라 완료기간이 달라지는 구간이다. 시험 온도가 다른 충전기의 중심값만 나란히 놓지 않는다.
검사시간의결함유무혼합범위	other,comparison,classification	uncertainty_interval	uncertainty_comparison	검사시간의결함유무혼합범위는 추가 확인이 필요한 불량품 비율에 따라 평균 처리기간이 달라지는 폭이다. 제품 구성 비율을 맞춰 장비를 비교한다.
읽기시간의문서난이도범위	other,comparison,attribute	uncertainty_interval	uncertainty_comparison	읽기시간의문서난이도범위는 글자 수가 같아도 어휘와 구조에 따라 독자별 기간이 달라지는 구간이다. 분당 단어 수 하나로 모든 문서를 정렬하지 않는다.
수면시간자기보고의회상오차	other,comparison,boundary	uncertainty_interval	uncertainty_comparison	수면시간자기보고의회상오차는 잠든 시각과 깬 시각을 기억으로 추정하며 생기는 범위다. 장치 측정과 비교할 때 정의와 오차 원인을 함께 본다.
사건빈도계절보정의추정구간	other,comparison,process	uncertainty_interval	uncertainty_comparison	사건빈도계절보정의추정구간은 월별 반복 패턴을 제거한 뒤 남는 발생률 차이의 불확실성이다. 짧은 관측기간에서는 계절 효과 자체도 넓게 추정된다.
시간대변환규칙변경의시각범위	other,comparison,boundary	uncertainty_interval	uncertainty_comparison	시간대변환규칙변경의시각범위는 과거 일광절약 적용 여부가 불명확할 때 현지 기록이 가리킬 수 있는 공통시 구간이다. 오프셋을 임의로 고정하지 않는다.
