# family	하천·호수·지하수·홍수·가뭄 수문 상태 변화
# axes	수위·유량, 저수, 침투, 범람, 갈수, 회복
# columns	concepts	relations	other_category	logic_pattern	directly_authored_text
# 001~030 하천 수위·유량·유속·강우 반응
하천의강우전기저유량	state,process,classification	-	lifecycle_stage	하천의강우전기저유량은 비가 오기 전 지하수와 느린 저장소 공급이 주된 흐름을 이루는 단계다. 순간 방류나 취수 영향이 섞였는지 함께 확인한다.
하천의강우초기수위상승	state,process,attribute	-	trigger_condition	하천의강우초기수위상승은 유역에서 모인 빗물이 도달해 관측 지점 물높이가 기준선보다 오르기 시작한 변화다. 유량 증가는 단면 조건에 따라 시차가 있다.
하천의급격한유량증가	state,process,boundary	-	state_transition	하천의급격한유량증가는 짧은 시간에 흐르는 물의 부피가 크게 늘어난 상태다. 수문 방류, 집중호우, 지류 합류 중 원인은 기록과 함께 판별한다.
하천수위의상승지속구간	state,process,attribute	-	lifecycle_stage	하천수위의상승지속구간은 이전 관측보다 높은 값이 연속해 나타나 아직 첨두에 이르지 않은 단계다. 한 번의 평탄값으로 상승 종료를 선언하지 않는다.
하천수위의첨두도달	state,process,function	-	trigger_condition	하천수위의첨두도달은 한 홍수 파형에서 물높이가 가장 높은 구간에 들어간 상태다. 유량 첨두와 동일한 시각인지 단면 저장 효과를 확인한다.
하천수위의첨두후하강	state,process,contrast	-	degradation_recovery	하천수위의첨두후하강은 상류 유입이 줄고 물이 하류로 빠져 관측 높이가 낮아지는 과정이다. 제방 안전 위험이 즉시 끝난 것은 아니다.
하천유량의기저상태복귀	state,process,contrast	-	degradation_recovery	하천유량의기저상태복귀는 강우 유출 영향이 약해져 느린 지하수 공급 중심의 평상 흐름에 가까워진 과정이다. 하상 변화로 이전 수위와 다를 수 있다.
상류홍수파의도달전대기	state,process,boundary	-	lifecycle_stage	상류홍수파의도달전대기는 상류 수위 상승은 확인됐지만 하류 관측 지점 변화가 아직 시작되지 않은 단계다. 예상 도달 시간은 유속과 저장에 따라 달라진다.
상류홍수파의관측점통과	state,process,classification	-	state_transition	상류홍수파의관측점통과는 수위 상승·첨두·하강의 파형이 한 지점을 지나간 변화다. 유역 전체 홍수 종료와 같은 뜻은 아니다.
지류합류후유량증가	state,process,function	-	trigger_condition	지류합류후유량증가는 지류 물이 본류에 더해져 합류점 아래 흐름량이 커진 변화다. 두 하천의 첨두 시차에 따라 증가 폭이 달라진다.
지류첨두불일치완화	state,process,comparison	-	state_transition	지류첨두불일치완화는 여러 지류의 최대 유입 시각이 어긋나 본류 첨두가 단순 합보다 낮아진 상태다. 총 유출량 감소와 시간 분산을 구별한다.
댐방류전하류안정수위	state,process,classification	-	lifecycle_stage	댐방류전하류안정수위는 계획 방류가 시작되기 전 하류 흐름이 좁은 변동 범위에 머무는 단계다. 자연 기저유량과 운영 방류를 기록으로 나눠 본다.
댐방류개시후수위상승	state,process,function	-	trigger_condition	댐방류개시후수위상승은 문을 연 뒤 늘어난 물이 도달해 하류 관측점 높이가 오르기 시작한 변화다. 경보 시각과 실제 물 도달 시각은 다르다.
댐방류감소후하류회복	state,process,contrast	-	degradation_recovery	댐방류감소후하류회복은 방류량을 낮춘 뒤 하류 수위와 유속이 운영 전 범위로 돌아가는 과정이다. 둔치에 남은 물은 더 늦게 빠질 수 있다.
하천의여울유속증가	state,process,attribute	-	state_transition	하천의여울유속증가는 같은 구간에서 수위나 경사가 변해 얕은 흐름 속도가 빨라진 상태다. 부유물 이동 속도를 물 자체 유속과 같게 보지 않는다.
하천의소구간정체수역형성	state,process,boundary	-	trigger_condition	하천의소구간정체수역형성은 하상 굴곡이나 장애물 뒤에 유속이 매우 낮은 물 영역이 생긴 변화다. 본류 전체 흐름이 멈춘 것은 아니다.
하천의수온일변화상승	state,process,attribute	-	lifecycle_stage	하천의수온일변화상승은 낮 햇빛과 따뜻한 공기 영향으로 오전보다 물 온도가 높아지는 단계다. 상류 냉수 방류가 있으면 양상이 달라진다.
하천의야간수온하강	state,process,contrast	-	reversible_cycle	하천의야간수온하강은 일사 감소와 열 방출로 낮에 데워진 물이 식는 변화다. 깊은 구간과 얕은 구간의 하강 폭은 서로 다를 수 있다.
하천탁도상승개시	state,process,attribute	-	trigger_condition	하천탁도상승개시는 강우 유출이나 하상 교란으로 물속 입자가 늘어 빛 투과가 낮아지기 시작한 변화다. 유량 상승과 항상 같은 시각은 아니다.
하천탁도첨두후감소	state,process,contrast	-	degradation_recovery	하천탁도첨두후감소는 새로운 토사 공급이 줄고 입자가 하류로 이동·침전해 물의 흐림이 낮아지는 과정이다. 미세 입자는 오래 남을 수 있다.
하천부유사이송증가	state,process,function	-	lifecycle_stage	하천부유사이송증가는 빨라진 흐름이 더 많은 미세 토사를 떠받쳐 아래로 운반하는 단계다. 바닥을 구르는 큰 입자 이동과 측정 방식이 다르다.
하천하상세굴진행	state,process,boundary	-	state_transition	하천하상세굴진행은 강한 흐름이 바닥 재료를 떼어내 하상 높이를 낮추는 상태다. 수위 하강을 유량 감소로 오인하지 않도록 단면 변화를 확인한다.
하천하상퇴적전환	state,process,classification	-	trigger_condition	하천하상퇴적전환은 흐름 힘이 낮아져 운반하던 토사가 바닥에 쌓이기 시작한 변화다. 모든 입자 크기가 같은 위치에 멈추지는 않는다.
하천얼음형성개시	state,process,classification	-	trigger_condition	하천얼음형성개시는 수온과 기온이 낮아져 가장자리나 잔잔한 구간에 얼음 결정이 붙기 시작한 변화다. 흐르는 중심부 결빙과 시점이 다르다.
하천얼음폐색증가	state,process,boundary	-	lifecycle_stage	하천얼음폐색증가는 떠내려온 얼음 조각이 좁은 곳에 쌓여 물길 저항과 상류 수위를 높이는 단계다. 유량 증가가 없어도 수위가 오를 수 있다.
하천얼음폐색해소	state,process,contrast	-	degradation_recovery	하천얼음폐색해소는 기온 상승이나 흐름 변화로 쌓인 얼음이 깨져 이동하며 물길 저항이 줄어드는 과정이다. 하류에 새 폐색을 만들 가능성은 남는다.
하천수위관측불일치	state,process,other	latent_observed_state	lifecycle_stage	하천수위관측불일치는 자동 센서와 눈금판 값이 달라 실제 물높이를 확정하기 어려운 상태다. 파랑, 센서 막힘, 기준점 이동을 점검한다.
하천유량변화원인미정	state,process,other	transition_trigger	lifecycle_stage	하천유량변화원인미정은 흐름량이 바뀌었지만 강우, 취수, 방류, 하상 변화 중 어느 요인이 주된지 알 수 없는 상태다. 유역 운영 기록을 보완한다.
하천홍수파종료확정	state,process,function	-	trigger_condition	하천홍수파종료확정은 수위와 유량이 기준 범위에 머물고 추가 상승 신호가 없어 하나의 파형을 닫은 상태다. 침수 지역 배수는 계속될 수 있다.
하천평수상태안정화	state,process,classification	-	lifecycle_stage	하천평수상태안정화는 단기 강우·방류 영향이 줄어 일상적인 수위와 유속 변동 안에 머무는 단계다. 계절 평균과 완전히 같아야 하는 것은 아니다.
# 031~060 호수·저수지 저장·성층·방류
호수유입량증가상태	state,process,attribute	-	lifecycle_stage	호수유입량증가상태는 비나 눈녹은 물로 하천과 지표 유입이 평소보다 커진 단계다. 호수 수위는 넓은 저장 면적 때문에 늦게 반응할 수 있다.
호수수위상승개시	state,process,function	-	trigger_condition	호수수위상승개시는 유입이 유출과 증발을 넘어 저장된 물의 부피가 늘기 시작한 변화다. 한쪽 연안의 파랑 높이와 평균 수위를 구별한다.
호수고수위유지상태	state,process,boundary	-	lifecycle_stage	호수고수위유지상태는 수위가 관리 상단 부근에 머물러 추가 유입 여유가 작은 단계다. 제방 넘침이 이미 발생한 상태는 아니다.
호수수위하강전환	state,process,contrast	-	state_transition	호수수위하강전환은 유출·증발·취수가 유입보다 커져 저장량이 줄기 시작한 변화다. 연안 바람에 따른 일시 수면 기울기를 보정한다.
호수수위계절저점도달	state,process,attribute	-	trigger_condition	호수수위계절저점도달은 한 계절 순환에서 저장 높이가 가장 낮은 구간에 들어간 상태다. 장기 가뭄 기록의 절대 최저와는 다를 수 있다.
호수봄철혼합개시	state,process,function	-	trigger_condition	호수봄철혼합개시는 표층과 깊은 물의 온도 차가 작아져 바람이 전체 물기둥을 섞기 시작한 변화다. 얕은 만과 깊은 중심부 시점이 다르다.
호수여름성층형성	state,process,classification	-	state_transition	호수여름성층형성은 따뜻한 표층과 차가운 심층 사이에 밀도 경계가 뚜렷해져 수직 혼합이 제한된 상태다. 물 표면이 잔잔하다는 뜻은 아니다.
호수성층강화	state,process,attribute	-	lifecycle_stage	호수성층강화는 계절 가열이 이어져 표층과 심층의 온도 차와 경계 안정성이 커지는 단계다. 강한 바람은 일시적으로 경계를 깊게 만들 수 있다.
호수심층산소감소	state,process,boundary	-	state_transition	호수심층산소감소는 성층으로 대기 재공급이 제한된 동안 분해와 호흡이 산소를 소비해 농도가 낮아진 상태다. 표층 산소값을 심층에 적용하지 않는다.
호수가을전도개시	state,process,classification	-	trigger_condition	호수가을전도개시는 표층 냉각으로 밀도 차가 줄고 바람 혼합이 더 깊은 물까지 내려가기 시작한 변화다. 하루의 표면 냉각과 계절 전체 혼합을 구별한다.
호수전층혼합완료	state,process,function	-	trigger_condition	호수전층혼합완료는 위아래 온도와 주요 물질 농도가 좁은 차이로 고르게 된 상태다. 바닥 퇴적물 자체가 섞였다는 뜻은 아니다.
호수결빙개시	state,process,classification	-	trigger_condition	호수결빙개시는 가장자리와 잔잔한 수면에서 물이 얼어 얇은 얼음막이 생기기 시작한 변화다. 호수 전체가 안전한 두께로 언 상태와 다르다.
호수전면결빙전환	state,process,boundary	-	state_transition	호수전면결빙전환은 열린 물 면적이 줄어 대부분 표면이 연속 얼음으로 덮인 상태다. 얼음 두께와 강도는 위치마다 크게 다를 수 있다.
호수해빙개시	state,process,contrast	-	degradation_recovery	호수해빙개시는 일사와 따뜻한 공기로 얼음 가장자리와 표면이 녹아 열린 물이 다시 나타나는 과정이다. 밤에는 일부가 재결빙할 수 있다.
호수얼음소멸확정	state,process,function	-	trigger_condition	호수얼음소멸확정은 관측 수면에 연속 얼음판이 남지 않아 바람과 파랑이 다시 자유롭게 작용하는 상태다. 떠다니는 작은 조각은 별도 기록한다.
저수지저수율상승	state,process,attribute	-	lifecycle_stage	저수지저수율상승은 유입이 공급·방류보다 많아 유효 저장 공간에서 물이 차지하는 비율이 커지는 단계다. 총용량 대비 비율의 정의를 유지한다.
저수지홍수기제한수위접근	state,process,boundary	-	lifecycle_stage	저수지홍수기제한수위접근은 수면 높이가 홍수 대응 여유를 확보하려 정한 상단 기준에 가까워진 상태다. 댐 구조적 한계와 운영 기준은 다르다.
저수지사전방류개시	state,process,function	-	trigger_condition	저수지사전방류개시는 예상 유입을 받을 공간을 만들려고 비가 오기 전 계획적으로 물을 내보내기 시작한 변화다. 비상 월류와 목적이 다르다.
저수지방류량증가	state,process,comparison	-	state_transition	저수지방류량증가는 수문 개도나 발전 운전 변화로 단위 시간 배출량이 이전보다 커진 상태다. 하류 수위 반응은 이동 시간 뒤 나타난다.
저수지방류량감소	state,process,contrast	-	state_transition	저수지방류량감소는 유입 전망과 하류 조건에 따라 물 배출을 낮춘 변화다. 방류가 완전히 멈췄다는 뜻은 아니며 최소 흐름이 남을 수 있다.
저수지무방류저장상태	state,process,classification	-	lifecycle_stage	저수지무방류저장상태는 계획 출구를 통한 배출이 없고 들어온 물이 주로 저장되는 단계다. 누수·증발·생태 유지 유출까지 모두 0이라는 뜻은 아니다.
저수지월류개시	state,process,boundary	-	trigger_condition	저수지월류개시는 수위가 넘침턱 높이에 닿아 별도 동력 없이 물이 아래로 흐르기 시작한 변화다. 제방 파괴와 설계된 월류를 구별한다.
저수지월류종료	state,process,contrast	-	degradation_recovery	저수지월류종료는 수위가 넘침턱 아래로 내려가 자연 유출이 멈춘 과정이다. 하류의 높은 물과 침수는 뒤에도 이어질 수 있다.
저수지퇴사증가상태	state,process,attribute	-	lifecycle_stage	저수지퇴사증가상태는 유입 토사가 흐름 속도 저하로 쌓여 사용 가능한 저장 공간이 줄어드는 단계다. 단기 수위 변화만으로 퇴사량을 알 수 없다.
저수지저층탁수유입	state,process,function	-	state_transition	저수지저층탁수유입은 차갑고 입자 많은 유입수가 밀도 차로 바닥을 따라 이동하는 상태다. 표층 물색이 맑아도 깊은 층은 흐릴 수 있다.
저수지선택취수전환	state,process,classification	-	trigger_condition	저수지선택취수전환은 수온·탁도 조건에 맞춰 물을 뽑는 깊이를 다른 출구로 바꾼 변화다. 총 방류량 변화와 취수층 변화를 나눠 본다.
호수저수량관측미확정	state,process,other	latent_observed_state	lifecycle_stage	호수저수량관측미확정은 수위는 알지만 수면 면적과 바닥 형상 갱신 자료가 없어 실제 부피를 정확히 확정하기 어려운 상태다. 높이를 곧바로 부피로 바꾸지 않는다.
저수지수지불균형원인미정	state,process,other	transition_trigger	lifecycle_stage	저수지수지불균형원인미정은 계산 저장량과 관측 수위가 맞지 않지만 증발, 누수, 미계측 취수 중 원인을 모르는 상태다. 계측 오차도 함께 검토한다.
저수지운영수위복귀	state,process,contrast	-	degradation_recovery	저수지운영수위복귀는 홍수나 갈수 대응 뒤 수면 높이가 계절별 목표 범위로 돌아오는 과정이다. 생태·용수 조건이 모두 회복됐다는 뜻은 아니다.
호수저수상태안정화	state,process,function	-	trigger_condition	호수저수상태안정화는 유입과 유출 차가 작아져 수위 변동이 좁은 범위에 머무는 단계다. 물 교환이 전혀 없는 정체와 구별한다.
# 061~090 토양 침투·지하수 함양·용출
건조토양의강우흡수개시	state,process,function	-	trigger_condition	건조토양의강우흡수개시는 첫 빗물이 표면 틈과 공극으로 들어가 토양 수분을 높이기 시작한 변화다. 표면 젖음과 깊은 층 도달은 시차가 있다.
토양침투율감소전환	state,process,attribute	-	state_transition	토양침투율감소전환은 표층이 포화되거나 입자가 막혀 단위 시간에 들어가는 물의 양이 초기보다 줄어든 상태다. 강우 강도 변화와 분리해 본다.
토양표면포화도달	state,process,boundary	-	trigger_condition	토양표면포화도달은 가까운 공극이 물로 차 더 들어오는 비가 즉시 침투하기 어려운 상태가 된 변화다. 아래 깊은 층까지 모두 포화됐다는 뜻은 아니다.
침투초과지표유출개시	state,process,function	-	trigger_condition	침투초과지표유출개시는 비의 공급 속도가 토양 흡수 능력을 넘어 남은 물이 표면을 따라 흐르기 시작한 변화다. 지하수 상승형 유출과 기제가 다르다.
토양포화면상승	state,process,attribute	-	lifecycle_stage	토양포화면상승은 아래층 공극이 물로 차며 포화 영역의 윗경계가 지표 쪽으로 올라오는 단계다. 표면이 마르게 보여도 아래는 포화일 수 있다.
포화초과유출전환	state,process,boundary	-	state_transition	포화초과유출전환은 지하 포화 영역이 지표에 닿아 추가 빗물이 스며들 공간 없이 바로 흐르는 상태다. 짧은 강우의 표면 막힘과 다르다.
모래토양의빠른침투상태	state,process,comparison	-	lifecycle_stage	모래토양의빠른침투상태는 큰 공극을 통해 물이 아래로 비교적 빠르게 이동하는 단계다. 저장 가능한 물의 양이 반드시 크다는 뜻은 아니다.
점토토양의느린침투상태	state,process,comparison	-	lifecycle_stage	점토토양의느린침투상태는 작은 공극과 표면 구조 때문에 같은 강우에서도 물 이동 속도가 낮은 단계다. 한번 젖은 뒤 보유 시간은 길 수 있다.
균열토양의우선흐름개시	state,process,function	-	trigger_condition	균열토양의우선흐름개시는 물이 전체 토양을 고르게 적시기보다 큰 틈을 따라 깊은 곳으로 빠르게 내려가기 시작한 변화다. 평균 함수율로 경로를 놓칠 수 있다.
토양수분재분배진행	state,process,function	-	lifecycle_stage	토양수분재분배진행은 비가 그친 뒤 젖은 위층의 물이 중력과 모세관 힘으로 아래와 옆으로 이동하는 단계다. 외부 강우가 없어도 프로필은 변한다.
토양배수후포장용수량접근	state,process,classification	-	lifecycle_stage	토양배수후포장용수량접근은 큰 공극 물이 빠지고 작은 공극에 물이 남아 식물이 이용하기 좋은 범위로 안정되는 단계다. 토양 종류마다 값이 다르다.
토양건조진행상태	state,process,attribute	-	lifecycle_stage	토양건조진행상태는 증발과 뿌리 흡수로 함수율이 계속 낮아지는 단계다. 표층이 먼저 마르고 깊은 층 변화는 늦을 수 있다.
토양위조점접근	state,process,boundary	-	lifecycle_stage	토양위조점접근은 남은 물을 식물 뿌리가 끌어오기 어려운 낮은 수분 상태에 가까워진 단계다. 토양에 물이 전혀 없는 상태와 같지 않다.
관수후토양수분회복	state,process,contrast	-	degradation_recovery	관수후토양수분회복은 물 공급 뒤 뿌리층 함수율이 목표 범위로 올라온 과정이다. 표면에 고인 물만 보고 깊은 층 회복을 확정하지 않는다.
강우침투의지하수함양개시	state,process,function	-	trigger_condition	강우침투의지하수함양개시는 토양을 지난 물이 지하 포화층에 도달해 저장을 늘리기 시작한 변화다. 비가 온 시각보다 며칠 뒤 나타날 수 있다.
지하수위상승지연반응	state,process,attribute	-	state_transition	지하수위상승지연반응은 강우 뒤 시간이 지나 관측정 물높이가 오르기 시작한 상태다. 관측정 저장과 실제 대수층 반응의 시차도 고려한다.
지하수위계절고점	state,process,attribute	-	trigger_condition	지하수위계절고점은 함양기가 지난 뒤 포화면 높이가 그 계절의 최댓값 부근에 머무는 상태다. 모든 관측정이 동시에 고점에 닿지는 않는다.
지하수위하강진행	state,process,boundary	-	lifecycle_stage	지하수위하강진행은 함양보다 양수와 자연 유출이 커져 포화면이 낮아지는 단계다. 관측정 한 곳의 펌핑 영향이 지역 추세를 왜곡할 수 있다.
양수우물의수위강하원뿔	state,process,function	-	trigger_condition	양수우물의수위강하원뿔은 물을 퍼내며 우물 주변 지하수면이 중심 쪽으로 낮아진 변화다. 펌프를 멈추면 주변 물이 다시 들어온다.
양수중단후지하수회복	state,process,contrast	-	degradation_recovery	양수중단후지하수회복은 펌프를 끈 뒤 주변 대수층 물이 이동해 우물 수위가 배경 수준 쪽으로 오르는 과정이다. 완전 복귀 시간은 투수성에 달려 있다.
샘물용출증가상태	state,process,attribute	-	lifecycle_stage	샘물용출증가상태는 지하수 압력과 포화면이 높아져 지표 출구로 나오는 물의 양이 커진 단계다. 최근 비와 반응 시차를 함께 확인한다.
샘물갈수감소전환	state,process,boundary	-	state_transition	샘물갈수감소전환은 장기간 함양 부족으로 용출량이 평소 하한 아래로 내려간 상태다. 출구 막힘이나 취수 변화 가능성을 별도로 점검한다.
습지포화면지표도달	state,process,function	-	trigger_condition	습지포화면지표도달은 지하수면이 땅 표면과 만나 얕은 물이나 지속적인 수분 포화가 나타난 변화다. 일시 웅덩이와 지하 공급을 구별한다.
습지건조화진행	state,process,boundary	-	lifecycle_stage	습지건조화진행은 강수와 지하수 공급이 줄어 노출 토양 면적과 공기 접촉 깊이가 늘어나는 단계다. 식생 반응은 더 늦게 나타날 수 있다.
지하수염수침입진행	state,process,boundary	-	state_transition	지하수염수침입진행은 해안 대수층의 담수 압력이 낮아져 짠물이 내륙이나 우물 쪽으로 이동하는 상태다. 한 번의 염도 상승을 장기 전선 이동으로 단정하지 않는다.
지하수함양으로염수경계후퇴	state,process,contrast	-	degradation_recovery	지하수함양으로염수경계후퇴는 담수 수위와 압력이 회복되어 염수와 담수 경계가 바다 쪽으로 이동하는 과정이다. 깊은 층 염분은 오래 남을 수 있다.
지하수위관측공백상태	state,process,other	latent_observed_state	lifecycle_stage	지하수위관측공백상태는 센서 자료가 끊겨 강우 뒤 상승과 양수 뒤 하강 중 어느 과정이 진행됐는지 알 수 없는 단계다. 주변 관측정으로 보완한다.
침투경로원인미확정	state,process,other	transition_trigger	lifecycle_stage	침투경로원인미확정은 깊은 센서가 빠르게 젖었지만 균열, 뿌리 통로, 측정 오류 가운데 실제 경로를 특정하지 못한 상태다. 토양 단면을 추가 조사한다.
지하수함양사건종료	state,process,function	-	trigger_condition	지하수함양사건종료는 강우에서 온 추가 물의 도달이 줄어 지하수위 상승률이 다시 배경 변동 수준으로 낮아진 상태다. 저장된 물은 남아 있다.
토양지하수연계안정화	state,process,classification	-	lifecycle_stage	토양지하수연계안정화는 비 뒤 토양 배수와 지하수 상승 변화가 모두 느려져 새로운 수분 분포에 가까워진 단계다. 계절 증발로 다시 바뀔 수 있다.
# 091~120 범람·내수침수·배수·홍수 회복
하천제방내고수위접근	state,process,boundary	-	lifecycle_stage	하천제방내고수위접근은 강물이 둔치 위로 차오르며 제방 상단과의 여유 높이가 줄어든 단계다. 넘침이 이미 시작된 상태와 구별한다.
하천둔치침수개시	state,process,function	-	trigger_condition	하천둔치침수개시는 수위가 낮은 둔치 표고를 넘어 평소 마른 공간으로 물이 들어오기 시작한 변화다. 주거지 제방 월류보다 이른 단계다.
하천범람원확장	state,process,attribute	-	lifecycle_stage	하천범람원확장은 계속 유입되는 물이 낮은 지형을 따라 옆으로 퍼져 침수 면적이 늘어나는 단계다. 수심 증가와 면적 확대를 따로 측정한다.
제방월류개시	state,process,boundary	-	trigger_condition	제방월류개시는 강 수면이 제방 상단을 넘어 바깥 비탈로 흐르기 시작한 변화다. 제방이 구조적으로 끊어진 파제와 기제가 다르다.
제방누수증가상태	state,process,boundary	-	lifecycle_stage	제방누수증가상태는 높은 수위가 이어지며 제방 내부를 통과한 물의 양과 탁도가 커진 단계다. 맑은 배수와 토사 동반 누수를 구별한다.
제방파제전환	state,process,classification	-	trigger_condition	제방파제전환은 제방 일부가 무너져 열린 틈으로 강물이 빠르게 외부 지역에 들어오는 상태로 바뀐 것이다. 단순 상단 월류보다 흐름 집중이 크다.
범람수깊이증가	state,process,attribute	-	state_transition	범람수깊이증가는 유입이 배수보다 커져 같은 지점의 물높이가 계속 높아지는 상태다. 떠다니는 물결 높이와 평균 침수 깊이를 구별한다.
범람수유속감소전환	state,process,contrast	-	state_transition	범람수유속감소전환은 넓은 저지대로 퍼지거나 유입이 줄어 물의 이동 속도가 낮아진 변화다. 물이 빠지고 있다는 뜻은 아니며 수위는 높게 남을 수 있다.
범람수첨두침수상태	state,process,attribute	-	lifecycle_stage	범람수첨두침수상태는 한 지점의 수심이나 침수 면적이 사건 중 가장 큰 구간에 머무는 단계다. 상류·하류의 첨두 시각은 서로 다르다.
범람수배수개시	state,process,contrast	-	degradation_recovery	범람수배수개시는 하천 수위 하강과 배수로 작동으로 침수 지역의 물높이가 낮아지기 시작한 과정이다. 고립된 웅덩이는 뒤에 남는다.
범람원노출면증가	state,process,attribute	-	lifecycle_stage	범람원노출면증가는 물이 빠지며 흙과 식생이 다시 드러나는 면적이 넓어지는 단계다. 토양 포화와 진흙 위험은 계속될 수 있다.
범람사건수위복귀	state,process,contrast	-	degradation_recovery	범람사건수위복귀는 강물과 주변 침수 수위가 제방 안 평상 범위로 돌아오는 과정이다. 시설·토양·생태 회복은 별도 시간 규모를 가진다.
도시배수구유입증가	state,process,function	-	trigger_condition	도시배수구유입증가는 강한 비로 노면 물이 빗물받이와 관로로 몰리기 시작한 변화다. 관로가 아직 용량을 넘었다는 뜻은 아니다.
도시우수관만류상태	state,process,boundary	-	lifecycle_stage	도시우수관만류상태는 관로 단면이 물로 차 추가 유입에 대한 여유가 거의 없는 단계다. 지표 침수가 나타나기 전일 수 있다.
도시내수침수개시	state,process,boundary	-	trigger_condition	도시내수침수개시는 비의 유입 속도가 관로·펌프 배출 능력을 넘어 도로와 낮은 공간에 물이 고이기 시작한 변화다. 하천 범람수 유입과 원인이 다르다.
지하차도수심증가	state,process,attribute	-	lifecycle_stage	지하차도수심증가는 낮은 도로 공간으로 들어오는 물이 빠지는 양보다 많아 바닥 물높이가 오르는 단계다. 입구마다 유입량이 다를 수 있다.
배수펌프가동개시	state,process,function	-	trigger_condition	배수펌프가동개시는 집수정 수위가 설정값에 닿아 물을 외부 수계로 내보내기 시작한 변화다. 외부 하천 수위가 높으면 성능이 제한될 수 있다.
배수펌프용량초과	state,process,boundary	-	state_transition	배수펌프용량초과는 최대 가동 중에도 유입이 더 커 집수정과 침수 수위가 계속 오르는 상태다. 펌프 고장과 정상 최대 운전의 한계를 구별한다.
강우약화후내수배수	state,process,contrast	-	degradation_recovery	강우약화후내수배수는 비 유입이 줄어 펌프와 관로 배출이 우세해지고 도로 물높이가 낮아지는 과정이다. 막힌 구간은 별도 정체될 수 있다.
도로침수해제전환	state,process,function	-	trigger_condition	도로침수해제전환은 주요 차로의 물이 배수되어 정한 통행 수심 아래로 내려간 변화다. 진흙·파손 점검 전 즉시 안전 통행을 뜻하지 않는다.
지하공간잔류수상태	state,process,boundary	-	lifecycle_stage	지하공간잔류수상태는 지표 물은 빠졌지만 낮은 방과 설비 구역에 고립된 물이 남은 단계다. 외부 하천 수위 복귀와 내부 배수 완료를 구별한다.
홍수퇴적토건조진행	state,process,attribute	-	lifecycle_stage	홍수퇴적토건조진행은 물이 빠진 뒤 쌓인 진흙에서 수분이 증발·배수되어 표면이 굳어지는 단계다. 내부는 오래 젖어 있을 수 있다.
홍수후지하수위잔류상승	state,process,boundary	-	state_transition	홍수후지하수위잔류상승은 지표 침수는 끝났지만 침투한 물로 지하수면이 평소보다 높은 상태다. 지하실 재침수 가능성을 따로 관리한다.
홍수후토양배수회복	state,process,contrast	-	degradation_recovery	홍수후토양배수회복은 포화 토양에서 중력수가 빠져 공기 공간과 지지력이 다시 늘어나는 과정이다. 오염과 구조 손상은 그대로 남을 수 있다.
침수범위자료미확정	state,process,other	latent_observed_state	lifecycle_stage	침수범위자료미확정은 구름·야간·접근 제한으로 어느 지역까지 물이 퍼졌는지 확인하지 못한 상태다. 신고 지점만 연결해 전체 경계를 단정하지 않는다.
홍수원인기여미확정	state,process,other	transition_trigger	lifecycle_stage	홍수원인기여미확정은 하천 범람, 배수 용량, 조위, 지류 역류가 겹쳐 각 요인의 비중을 확정하지 못한 상태다. 시간대별 수위를 함께 분석한다.
침수경보해제검토	state,process,other	lifecycle_status	lifecycle_stage	침수경보해제검토는 수위는 낮아졌지만 상류 추가 유입과 배수 안정성이 기준을 만족하는지 확인 중인 단계다. 순간 하강만으로 경보를 끝내지 않는다.
침수경보해제전환	state,process,function	-	trigger_condition	침수경보해제전환은 수위·강우·유입 전망이 정한 조건 아래로 유지되어 즉각적 확대 위험이 낮아진 변화다. 복구 작업 안전 절차는 계속 적용한다.
홍수사건종료확정	state,process,classification	-	state_transition	홍수사건종료확정은 하천과 도시 수위가 관리 범위로 돌아오고 새 침수 확대가 없어 하나의 수문 사건을 닫은 상태다. 피해 복원 완료와는 다르다.
홍수후수문망안정화	state,process,function	-	trigger_condition	홍수후수문망안정화는 센서와 통신, 기준점 점검을 마쳐 수위·유량 관측이 다시 일관되게 이어지는 상태다. 누락 기간 자료는 별도 보정한다.
# 121~150 갈수·가뭄·용수 제한·수문 회복
무강수기간누적상태	state,process,attribute	-	lifecycle_stage	무강수기간누적상태는 의미 있는 비가 없는 날이 이어져 토양과 지표 저장소의 보충이 줄어드는 단계다. 한 번의 약한 비가 누적 건조를 모두 해소하지 않는다.
토양수분부족확대	state,process,boundary	-	state_transition	토양수분부족확대는 증발과 식물 흡수가 계속되며 뿌리층의 낮은 함수율 영역이 넓어진 상태다. 대기 건조와 토양 저장 부족을 분리한다.
하천갈수진입	state,process,classification	-	trigger_condition	하천갈수진입은 유량이 계절별 낮은 기준 아래로 내려가 취수와 생태 흐름 관리가 필요한 상태로 바뀐 것이다. 하천 단절과는 아직 다르다.
하천웅덩이분절화	state,process,boundary	-	state_transition	하천웅덩이분절화는 흐름이 매우 줄어 연속 물길이 끊기고 깊은 구간들이 고립된 상태다. 지하 연결이 남을 수 있어 완전 건조와 구별한다.
하천구간건조전환	state,process,classification	-	trigger_condition	하천구간건조전환은 표면 흐름과 고인 물이 사라져 하상이 노출된 상태로 바뀐 것이다. 지하수 아래 흐름까지 없다고 단정하지 않는다.
저수지갈수저장감소	state,process,attribute	-	lifecycle_stage	저수지갈수저장감소는 장기간 유입 부족과 지속 공급으로 저수율이 계속 낮아지는 단계다. 하루의 방류 조정만으로 추세를 판단하지 않는다.
저수지최저운영수위접근	state,process,boundary	-	lifecycle_stage	저수지최저운영수위접근은 정상 취수와 방류를 유지할 수 있는 하단 기준에 수면이 가까워진 상태다. 물이 완전히 고갈된 단계는 아니다.
저수지용수공급감축	state,process,function	-	trigger_condition	저수지용수공급감축은 남은 저장을 오래 유지하려 계획 공급량을 이전보다 낮춘 변화다. 모든 사용처에 같은 비율을 적용하지 않을 수 있다.
농업용수배분제한	state,process,role	-	state_transition	농업용수배분제한은 가용 물이 부족해 작물 시기와 지역 우선순위에 따라 공급 시간·양을 제한한 상태다. 물리적 관로 고장과 운영 제약을 구별한다.
도시절수단계개시	state,process,classification	-	trigger_condition	도시절수단계개시는 저장량과 수요 전망이 기준에 닿아 비필수 사용 감축 권고나 제한이 시작된 변화다. 단수와는 다른 관리 단계다.
도시급수압감소운영	state,process,boundary	-	lifecycle_stage	도시급수압감소운영은 물 소비를 낮추기 위해 관망 압력을 평소보다 낮게 유지하는 단계다. 누수나 펌프 고장으로 압력이 떨어진 상태와 다르다.
지하수양수증가	state,process,comparison	-	state_transition	지하수양수증가는 지표수 부족을 보완하려 관정 취수량이 이전 기간보다 늘어난 상태다. 지속 가능성은 지하수위 반응과 함께 판단한다.
지하수위광역하강	state,process,boundary	-	lifecycle_stage	지하수위광역하강은 여러 관측정에서 포화면이 장기간 낮아지는 단계다. 한 우물 주변의 국소 강하원뿔보다 공간 범위가 넓다.
샘물용출중단전환	state,process,boundary	-	trigger_condition	샘물용출중단전환은 지하수면이나 압력이 출구 높이 아래로 내려가 표면 흐름이 멈춘 변화다. 지하 저장이 완전히 없어진 것은 아니다.
습지수면소실상태	state,process,classification	-	state_transition	습지수면소실상태는 열린 물이 사라지고 토양 표면이 노출된 단계다. 깊은 토양 포화와 습지 생태 기능은 일부 남을 수 있다.
가뭄지수악화전환	state,process,comparison	-	state_transition	가뭄지수악화전환은 강수 부족, 토양 수분, 유량 같은 지표가 더 건조한 범주로 이동한 상태다. 서로 다른 지수의 단계 이름을 직접 섞지 않는다.
기상가뭄에서농업가뭄확대	state,process,boundary	-	trigger_condition	기상가뭄에서농업가뭄확대는 비 부족이 토양 수분과 작물 이용 가능 물 감소로 이어진 변화다. 강수 부족만 있고 작물 영향이 없는 초기 상태와 다르다.
농업가뭄에서수문가뭄확대	state,process,boundary	-	state_transition	농업가뭄에서수문가뭄확대는 장기 건조가 하천 유량과 저수지·지하수 저장 감소로 이어진 상태다. 반응 시간이 더 길고 회복도 늦다.
첫유효강우도달	state,process,function	-	trigger_condition	첫유효강우도달은 긴 건조 뒤 토양과 지표 저장에 의미 있는 보충을 줄 만큼 비가 내린 변화다. 먼지만 적신 약한 비와 침투 깊이를 비교한다.
건조토양의초기유출지연	state,process,boundary	-	lifecycle_stage	건조토양의초기유출지연은 첫 비가 토양 저장과 균열 채움에 쓰여 하천 유량 반응이 늦은 단계다. 강수량이 적어서만 지연된다고 보지 않는다.
토양수분회복진행	state,process,contrast	-	degradation_recovery	토양수분회복진행은 반복 강우 뒤 뿌리층 함수율이 낮은 상태에서 계절 정상 범위로 올라오는 과정이다. 깊은 층과 표층의 속도는 다르다.
하천유량회복개시	state,process,contrast	-	degradation_recovery	하천유량회복개시는 유역 저장이 채워진 뒤 지류와 지하수 공급이 늘어 갈수 흐름보다 유량이 높아지기 시작한 과정이다. 한 번의 첨두와 지속 회복을 구별한다.
저수지저수율회복전환	state,process,contrast	-	degradation_recovery	저수지저수율회복전환은 유입이 공급·방류를 넘어 저장 비율이 지속적으로 오르기 시작한 변화다. 제한 해제는 전망과 목표 수위를 더 확인한다.
지하수위회복지연상태	state,process,boundary	-	lifecycle_stage	지하수위회복지연상태는 지표와 하천은 젖었지만 깊은 대수층 관측정이 아직 낮은 상태에 머무는 단계다. 느린 침투 시간을 고려한다.
용수제한부분해제	state,process,classification	-	state_transition	용수제한부분해제는 저장과 유입이 개선되어 일부 사용 항목이나 시간대의 제한이 풀린 변화다. 정상 공급 전면 복귀와 구별한다.
용수공급정상화전환	state,process,function	-	trigger_condition	용수공급정상화전환은 저장량과 전망이 기준을 만족해 평소 배분 규칙과 압력으로 돌아간 변화다. 장기 수문 저장까지 완전히 복구됐다는 뜻은 아니다.
가뭄종료판정미확정	state,process,other	lifecycle_status	lifecycle_stage	가뭄종료판정미확정은 최근 비는 충분하지만 지하수와 저수지 회복이 뒤처져 전체 가뭄 단계를 닫을지 정하지 못한 상태다. 시간 규모별 지표를 분리한다.
가뭄원인기여미확정	state,process,other	transition_trigger	lifecycle_stage	가뭄원인기여미확정은 강수 부족, 고온 증발, 수요 증가가 함께 있어 각 요인의 비중을 알 수 없는 상태다. 자연·운영 요인을 함께 분석한다.
가뭄회복단계확정	state,process,classification	-	trigger_condition	가뭄회복단계확정은 토양·하천·저수 저장의 여러 지표가 악화에서 개선 방향으로 일정 기간 이어진 상태다. 완전 종료 전에도 회복 단계로 분류할 수 있다.
수문저장정상범위복귀	state,process,contrast	-	degradation_recovery	수문저장정상범위복귀는 토양 수분, 하천 흐름, 저수지와 지하수가 계절 기준 범위에 함께 들어온 과정이다. 생태와 경제 피해는 그보다 뒤늦게 회복될 수 있다.
