# family	Entity·Attribute·Quantity·Relation·State·Action 타입 구분
# axes	대상, 속성, 수량, 관계, 상태, 행동의 정보형 판정
# columns	concepts	relations	other_category	logic_pattern	directly_authored_text
# 001~030 여섯 정보형의 층위와 역할 판정
대상속성정보형구분	other,classification,boundary,attribute	metatype_reference	type_level	대상속성정보형구분: 사과는 Entity이고 붉음은 그 대상에 붙는 Attribute다. 속성값을 독립 사과 한 개처럼 개체 수에 더하지 않는다.
온도속성수량구분	other,classification,boundary,attribute	metatype_reference	type_level	온도속성수량구분: 온도라는 Attribute와 23 °C라는 Quantity는 연결되지만 같은 정보형은 아니다. 측정 가능한 성질과 측정 결과를 나눈다.
거리수량관계구분	other,classification,boundary,attribute	metatype_reference	type_level	거리수량관계구분: 두 지점 사이의 떨어짐은 Relation이고 5 km는 그 관계를 나타내는 Quantity다. 관계 자체를 숫자 하나로 축소하지 않는다.
재직관계상태구분	other,classification,boundary,state	metatype_reference	type_level	재직관계상태구분: 사람과 기관의 재직 연결은 Relation이며 현재 근무 중은 State다. 두 대상의 연결과 한 시점의 상태값을 구별한다.
문열기행동상태구분	other,classification,boundary,state	metatype_reference	type_level	문열기행동상태구분: 문을 여는 것은 Action이고 문이 열린 채인 것은 State다. 변화 사건과 그 결과가 유지되는 조건을 같은 것으로 세지 않는다.
사용자대상역할속성구분	other,classification,boundary,role	metatype_reference	type_level	사용자대상역할속성구분: 사람은 Entity이고 ‘관리자’는 맥락상 맡은 역할이나 분류 속성일 수 있다. 라벨만 보고 별도 사람을 생성하지 않는다.
무게수량단위구분	other,classification,boundary,attribute	metatype_reference	type_level	무게수량단위구분: 8 kg은 값과 단위가 결합한 Quantity이고 무게는 측정 대상의 Attribute다. 단위 기호만을 물체의 성질 전체로 보지 않는다.
소유관계대상구분	other,classification,boundary	metatype_reference	type_level	소유관계대상구분: 사람과 자전거는 각각 Entity이고 ‘소유함’은 둘을 잇는 Relation이다. 연결을 제3의 물건처럼 취급하지 않는다.
대기상태행동구분	other,classification,boundary,state	metatype_reference	type_level	대기상태행동구분: 작업이 대기 중이라는 State와 작업을 대기열에 넣는 Action은 다르다. 형용 상태와 변화 명령을 정보형별로 나눈다.
색상속성대상구분	other,classification,boundary,attribute	metatype_reference	type_level	색상속성대상구분: 파란 컵에서 컵은 Entity이고 파랑은 Attribute 값이다. 같은 색을 가진 컵 둘을 색상 하나의 개체로 병합하지 않는다.
인접관계거리수량구분	other,classification,boundary,comparison	metatype_reference	type_level	인접관계거리수량구분: 두 구역의 인접은 Relation이고 경계 사이 2 m는 Quantity다. 거리값이 작다는 이유만으로 행정적 인접을 자동 확정하지 않는다.
달리기행동속도속성구분	other,classification,boundary,attribute	metatype_reference	type_level	달리기행동속도속성구분: 달리기는 Action이고 빠르기는 행동이나 대상의 Attribute로 기술된다. 수행 사건과 평가 성질을 같은 타입으로 저장하지 않는다.
용기대상용량속성구분	other,classification,boundary,attribute	metatype_reference	type_level	용기대상용량속성구분: 병은 Entity, 용량은 Attribute, 500 mL는 Quantity다. 하나의 문장에 함께 나와도 세 정보형의 역할을 유지한다.
연결행동연결관계구분	other,classification,boundary,process	metatype_reference	type_level	연결행동연결관계구분: 케이블을 꽂는 것은 Action이고 꽂힌 뒤의 연결은 Relation 또는 State로 표현된다. 실행과 결과 연결을 분리해 기록한다.
승인상태승인행동구분	other,classification,boundary,state	metatype_reference	type_level	승인상태승인행동구분: 담당자가 승인하는 것은 Action이며 문서가 승인됨은 State다. 같은 낱말이 쓰여도 문장 역할에 따라 타입을 판단한다.
나이속성수량값구분	other,classification,boundary,attribute	metatype_reference	type_level	나이속성수량값구분: 나이는 사람의 Attribute이고 12세는 특정 시점의 Quantity 값이다. 시간에 따라 달라지는 값과 사람 Entity를 혼동하지 않는다.
회원관계등급속성구분	other,classification,boundary,attribute	metatype_reference	type_level	회원관계등급속성구분: 고객과 조직의 회원 연결은 Relation이고 골드 등급은 그 기록의 Attribute다. 등급 이름을 새 조직이나 사람으로 만들지 않는다.
정지상태정지명령구분	other,classification,boundary,state	metatype_reference	type_level	정지상태정지명령구분: 기계가 정지해 있는 것은 State이고 정지 버튼을 누르는 것은 Action이다. 명령이 내려졌다고 실제 상태가 이미 바뀌었다고 하지 않는다.
높이수량대상부분구분	other,classification,boundary,attribute	metatype_reference	type_level	높이수량대상부분구분: 탑은 Entity이고 높이는 Attribute이며 30 m는 Quantity다. 측정치를 탑의 물리적 부분으로 분류하지 않는다.
원인관계변화행동구분	other,classification,boundary,process	metatype_reference	type_level	원인관계변화행동구분: 스위치 조작은 Action이고 전원 변화와의 인과 연결은 Relation이다. 원인 사건과 관계 설명을 별도 정보형으로 둔다.
현재위치상태공간관계구분	other,classification,boundary,state	metatype_reference	type_level	현재위치상태공간관계구분: 상자가 창고 안에 있다는 표현은 공간 Relation이면서 현재 State를 나타낼 수 있다. 목적에 따라 주 타입을 명시하고 둘을 무작정 복제하지 않는다.
가격속성통화수량구분	other,classification,boundary,attribute	metatype_reference	type_level	가격속성통화수량구분: 상품은 Entity, 가격은 Attribute, 3만 원은 통화 단위의 Quantity다. 숫자와 대상 이름을 한 필드에 섞어 저장하지 않는다.
대화행동참여관계구분	other,classification,boundary,role	metatype_reference	type_level	대화행동참여관계구분: 말하기는 Action이고 화자와 청자의 참여는 Relation으로 연결된다. 발화 사건을 사람 Entity로 바꾸어 세지 않는다.
오류상태오류속성구분	other,classification,boundary,state	metatype_reference	type_level	오류상태오류속성구분: 장치가 오류 중이면 State이고 오류 코드의 심각도는 Attribute다. 상태 존재와 상태를 설명하는 값을 구별한다.
순서관계위치수량구분	other,classification,boundary,attribute	metatype_reference	type_level	순서관계위치수량구분: A가 B보다 앞선다는 것은 Relation이고 세 번째라는 표시는 순서 위치의 Quantity다. 비교 연결과 서수값을 같은 필드로 취급하지 않는다.
예약행동예약상태구분	other,classification,boundary,state	metatype_reference	type_level	예약행동예약상태구분: 좌석을 예약하는 것은 Action이고 좌석이 예약됨은 State다. 요청 버튼을 누른 시점과 상태 확정 시점을 분리한다.
습도속성비율수량구분	other,classification,boundary,attribute	metatype_reference	type_level	습도속성비율수량구분: 습도는 공기의 Attribute이며 60%는 비율 Quantity다. 퍼센트 기호가 붙었다고 모든 값이 같은 성질을 측정하는 것은 아니다.
부모관계역할대상구분	other,classification,boundary,role	metatype_reference	type_level	부모관계역할대상구분: 두 사람은 Entity이고 한 사람이 다른 사람의 부모라는 것은 Relation이자 역할 맥락이다. ‘부모’를 별도 물체 유형으로 만들지 않는다.
변경행동버전상태구분	other,classification,boundary,process	metatype_reference	type_level	변경행동버전상태구분: 설정을 수정하는 Action 뒤에 새 버전 State가 생긴다. 변경 명령, 변경 과정, 결과 버전을 한 사건으로 뭉개지 않는다.
존재대상활성상태구분	other,classification,boundary,state	metatype_reference	type_level	존재대상활성상태구분: 계정 Entity가 존재해도 비활성 State일 수 있다. 활성 여부를 대상의 존재 여부와 같은 참값으로 사용하지 않는다.
# 031~060 여섯 정보형 진술의 부정 범위
대상비속성부정판정	other,boundary,classification	negation_scope	negation_scope	대상비속성부정판정: “사과는 붉음이라는 속성 자체가 아니다”는 사과에 색상이 없다는 뜻이 아니다. Entity와 Attribute의 동일성만 부정한다.
속성비수량부정판정	other,boundary,classification,attribute	negation_scope	negation_scope	속성비수량부정판정: “길이는 숫자 하나가 아니다”는 길이를 측정할 수 없다는 말이 아니다. Attribute와 개별 Quantity 값의 층위를 구별한다.
수량비대상부정판정	other,boundary,classification	negation_scope	negation_scope	수량비대상부정판정: “5 kg은 상자 자체가 아니다”에서 부정되는 것은 측정값과 Entity의 동일성이다. 상자의 무게 존재는 그대로 남는다.
관계비행동부정판정	other,boundary,classification	negation_scope	negation_scope	관계비행동부정판정: “연결됨은 연결하는 행동이 아니다”는 Relation이 생기는 과정까지 없었다는 뜻이 아니다. 결과 연결과 Action을 나눈다.
상태비사건부정판정	other,boundary,state,classification	negation_scope	negation_scope	상태비사건부정판정: “열림 상태는 문을 여는 사건이 아니다”는 앞선 Action의 존재를 부정하지 않는다. 유지 조건과 변화 시점을 구별한다.
행동비대상부정판정	other,boundary,classification	negation_scope	negation_scope	행동비대상부정판정: “배송은 물건이 아니다”라는 말은 배송 대상이 없다는 뜻과 다르다. Action을 운반되는 Entity로 오인하지 않는다.
모든대상비활성판정	other,boundary,state,classification	negation_scope	negation_scope	모든대상비활성판정: “모든 장치가 활성인 것은 아니다”는 비활성 장치가 일부 있음을 허용한다. 어느 장치도 활성이지 않다고 전체를 뒤집지 않는다.
일부속성비측정판정	other,boundary,classification,attribute	negation_scope	negation_scope	일부속성비측정판정: “모든 아름다움이 수치로 측정되지는 않는다”는 Attribute 자체의 부재를 말하지 않는다. 수량화 가능성만 제한한다.
무관계비무대상판정	other,boundary,state,classification	negation_scope	negation_scope	무관계비무대상판정: “두 사람 사이에 고용 관계가 없다”는 두 Entity가 존재하지 않는다는 뜻이 아니다. 특정 Relation만 거짓으로 둔다.
비진행상태범위판정	other,boundary,state,classification	negation_scope	negation_scope	비진행상태범위판정: “작업은 진행 중이 아니다”는 완료, 대기, 취소 가운데 어느 State인지는 알려 주지 않는다. 한 상태의 부정을 다른 상태 확정으로 바꾸지 않는다.
미실행행동결과판정	other,boundary,state,process	negation_scope	negation_scope	미실행행동결과판정: “재시작을 하지 않았다”는 장치가 반드시 정지 상태라는 뜻이 아니다. Action 부재와 현재 State는 별도 증거로 판단한다.
수량비영부정판정	other,boundary,state,attribute	negation_scope	negation_scope	수량비영부정판정: “수량이 0이 아니다”는 정확한 값이 얼마인지를 말하지 않는다. 양수인지 음수인지도 정의된 범위를 확인해야 한다.
속성값불일치부정판정	other,boundary,comparison,attribute	negation_scope	negation_scope	속성값불일치부정판정: “색상이 같지 않다”는 두 대상이 어떤 다른 속성도 공유하지 않는다는 뜻이 아니다. 비교한 Attribute 하나에만 부정을 적용한다.
관계방향비대칭판정	other,boundary,classification	negation_scope	negation_scope	관계방향비대칭판정: “A가 B를 소유하지 않는다”에서 B가 A를 소유하는지 여부는 열려 있다. 관계방향비대칭판정은 반대 방향까지 자동 부정하지 않는다.
상태라벨비사실판정	other,boundary,state,classification	negation_scope	negation_scope	상태라벨비사실판정: “표시가 완료여도 실제 완료는 아니다”는 라벨과 State의 일치를 부정한다. 완료라는 문자열이 화면에 없다는 말은 아니다.
행동의도비실행판정	other,boundary,state,process	negation_scope	negation_scope	행동의도비실행판정: “삭제하려 했지만 삭제하지 않았다”는 의도와 실제 Action을 분리한다. 시도 기록만으로 대상 소멸을 결론내리지 않는다.
대상유형비역할판정	other,boundary,classification,role	negation_scope	negation_scope	대상유형비역할판정: “담당자는 사람 유형이 아니라 역할 이름이다”라는 문맥에서는 특정 사람의 존재를 부정하지 않는다. Entity와 Role 라벨을 나눈다.
속성부재비대상부재판정	other,boundary,state,attribute	negation_scope	negation_scope	속성부재비대상부재판정: “장비에 색상 정보가 없다”는 장비 Entity가 없다는 뜻이 아니다. Attribute 기록의 부재에만 부정 범위를 둔다.
수량미확정비무수량판정	other,boundary,state,attribute	negation_scope	negation_scope	수량미확정비무수량판정: “무게가 아직 확정되지 않았다”는 무게가 0이거나 측정 불가능하다는 뜻과 다르다. 미확정 State를 유지한다.
관계미검증비거짓판정	other,boundary,state,classification	negation_scope	negation_scope	관계미검증비거짓판정: “소속 관계를 확인하지 못했다”는 관계가 없다는 부정 명제가 아니다. 미검증과 거짓을 서로 다른 상태로 기록한다.
상태변화없음범위판정	other,boundary,state,process	negation_scope	negation_scope	상태변화없음범위판정: “온도가 변하지 않았다”는 온도 Attribute가 존재하지 않는다는 말이 아니다. 관측 구간의 변화량만 0으로 본다.
행동실패비미시도판정	other,boundary,state,process	negation_scope	negation_scope	행동실패비미시도판정: “전송에 실패했다”는 전송 Action을 시도하지 않았다는 뜻이 아니다. 시도 사건과 성공 결과를 분리해 보존한다.
대상비관계끝점판정	other,boundary,classification	negation_scope	negation_scope	대상비관계끝점판정: “이 장비는 그 연결의 끝점이 아니다”는 장비가 다른 Relation에도 참여하지 않는다는 말이 아니다. 지정 연결만 제외한다.
속성비고정값판정	other,boundary,state,attribute	negation_scope	negation_scope	속성비고정값판정: “가격은 고정되지 않았다”는 가격 Attribute가 없다는 뜻이 아니다. 값이 시간이나 조건에 따라 달라질 가능성을 나타낸다.
수량비비율판정	other,boundary,classification,attribute	negation_scope	negation_scope	수량비비율판정: “30은 30%가 아니다”는 숫자 표기와 비율 Quantity의 동일성을 부정한다. 단위 문맥 없이 퍼센트를 붙이지 않는다.
관계비영구판정	other,boundary,state,classification	negation_scope	negation_scope	관계비영구판정: “회원 관계는 영구적이지 않다”는 현재 관계가 없다는 뜻이 아니다. 지속 기간 Attribute와 관계 존재 State를 분리한다.
상태비속성본체판정	other,boundary,state,classification	negation_scope	negation_scope	상태비속성본체판정: “혼잡은 도로의 영구 속성이 아니다”는 특정 시점의 혼잡 State를 부정하지 않는다. 일시 조건과 고정 Attribute를 나눈다.
행동비결과보장판정	other,boundary,state,process	negation_scope	negation_scope	행동비결과보장판정: “버튼을 눌렀다고 저장된 것은 아니다”는 Action과 결과 State의 필연 연결을 부정한다. 눌림 사건 자체는 남는다.
다중정보형전면부정판정	other,boundary,classification,state	negation_scope	negation_scope	다중정보형전면부정판정: “이 기록은 대상도 행동도 아니다”는 Attribute나 Relation일 가능성을 닫지 않는다. 열거된 두 타입만 제외한다.
유일행동자부정범위	other,boundary,role,classification	negation_scope	negation_scope	유일행동자부정범위: “A만 수행한 것은 아니다”는 A가 Action에 참여하지 않았다는 뜻이 아니다. 다른 행위자가 함께 있었음을 허용한다.
# 061~090 대상·속성·수량·관계·상태·행동의 부재 구분
대상부재빈목록판정	other,state,boundary,classification	absence_nonexistence	absence	대상부재빈목록판정: 검색 목록이 비어 있으면 조건에 맞는 Entity를 찾지 못했다는 뜻이다. 저장소 전체에 어떤 대상도 없다고 확대하지 않는다.
속성필드부재판정	other,state,boundary,attribute	absence_nonexistence	absence	속성필드부재판정: 레코드에 색상 Attribute 필드가 없으면 값 0이나 빈 문자열과 다르다. 속성필드부재판정은 구조적 누락을 별도로 표시한다.
수량영값존재판정	other,state,boundary,attribute	absence_nonexistence	absence	수량영값존재판정: 재고 Quantity가 0이면 측정값은 존재하며 남은 물품이 없음을 뜻한다. 수량 필드 자체의 부재와 혼동하지 않는다.
관계끝점부재판정	other,state,boundary,classification	absence_nonexistence	absence	관계끝점부재판정: 연결 기록 한쪽의 Entity가 삭제되면 Relation은 불완전 참조로 남을 수 있다. 관계끝점부재판정은 링크 문자열을 유효 연결로 보지 않는다.
상태값누락판정	other,state,boundary,classification	absence_nonexistence	absence	상태값누락판정: 상태 필드는 있지만 값이 기록되지 않아 현재 State를 알 수 없다. 빈칸을 정상이나 대기로 임의 채우지 않는다.
행동기록부재판정	other,state,boundary,process	absence_nonexistence	absence	행동기록부재판정: 로그에 전송 Action이 없다고 실제 전송이 일어나지 않았다고 단정할 수는 없다. 기록 체계의 누락 가능성을 따로 본다.
대상삭제상태잔존판정	other,state,boundary,process	absence_nonexistence	absence	대상삭제상태잔존판정: Entity가 삭제된 뒤 캐시에 예전 State가 남을 수 있다. 상태값 잔존을 현재 대상 존재의 근거로 사용하지 않는다.
속성빈문자열판정	other,state,boundary,attribute	absence_nonexistence	absence	속성빈문자열판정: 설명 Attribute에 길이 0 문자열이 저장된 경우는 필드 미생성과 다르다. 입력된 빈값인지 수집 누락인지 구분한다.
수량미측정값부재판정	other,state,boundary,attribute	absence_nonexistence	absence	수량미측정값부재판정: 센서를 설치하지 않아 Quantity 값이 없으면 0을 관측한 것이 아니다. 수량미측정값부재판정은 측정 행위의 부재를 함께 남긴다.
관계공집합판정	other,state,boundary,classification	absence_nonexistence	absence	관계공집합판정: 한 사용자의 친구 Relation 목록이 비어 있어도 사용자 Entity는 존재할 수 있다. 관계 수 0을 대상 삭제로 바꾸지 않는다.
상태종료비대상소멸판정	other,state,boundary,process	absence_nonexistence	absence	상태종료비대상소멸판정: 구독 State가 종료되어도 계정 Entity와 과거 이력은 남는다. 상태 종료를 대상의 완전한 비존재로 해석하지 않는다.
미수행행동계획존재판정	other,state,boundary,process	absence_nonexistence	absence	미수행행동계획존재판정: 아직 실행되지 않은 Action도 일정표에는 계획으로 존재할 수 있다. 실행 사건 부재와 계획 항목 부재를 구별한다.
대상접근불가판정	other,state,boundary,classification	absence_nonexistence	absence	대상접근불가판정: 권한 부족으로 Entity를 열지 못해도 대상이 삭제됐다는 증거는 아니다. 대상접근불가판정은 접근 실패를 비존재와 분리한다.
속성비적용판정	other,state,boundary,attribute	absence_nonexistence	absence	속성비적용판정: 개인 계정에는 법인등록번호 Attribute가 적용되지 않을 수 있다. 값 부재를 누락 오류로만 보지 않고 적용 범위를 확인한다.
수량단위누락판정	other,state,boundary,attribute	absence_nonexistence	absence	수량단위누락판정: 숫자값은 있지만 단위가 빠지면 Quantity 해석이 불완전하다. 값이 없다고 하거나 임의의 단위를 보충하지 않는다.
관계삭제이력보존판정	other,state,boundary,process	absence_nonexistence	absence	관계삭제이력보존판정: 소속 Relation을 끊은 뒤에도 시작일과 종료일은 감사 이력에 남는다. 과거 연결 기록을 현재 관계로 세지 않는다.
상태필드비적용판정	other,state,boundary,classification	absence_nonexistence	absence	상태필드비적용판정: 정적 사전 항목에는 운행 State 필드가 적용되지 않는다. 비어 있다는 사실을 고장이나 정지로 분류하지 않는다.
행동대상누락판정	other,state,boundary,process	absence_nonexistence	absence	행동대상누락판정: 로그에 삭제 Action은 보이지만 무엇을 삭제했는지 Entity 참조가 빠졌다. 사건 존재와 대상 식별 가능성을 별도로 기록한다.
대상자리표시자판정	other,state,boundary,classification	absence_nonexistence	absence	대상자리표시자판정: 빈 슬롯의 자리표시자는 향후 Entity 위치를 나타내지만 현재 대상은 아니다. 화면 칸의 존재를 물체 존재로 오인하지 않는다.
속성기본값비관측판정	other,state,boundary,attribute	absence_nonexistence	absence	속성기본값비관측판정: 입력이 없을 때 채워진 기본 Attribute 값은 실제 관측과 구별해야 한다. 값이 보인다는 이유만으로 측정 행위를 가정하지 않는다.
수량결측코드판정	other,state,boundary,attribute	absence_nonexistence	absence	수량결측코드판정: -999가 결측 코드라면 실제 Quantity -999와 같은 수치로 계산하면 안 된다. 코드표를 통해 값 부재를 판정한다.
관계후보없음판정	other,state,boundary,classification	absence_nonexistence	absence	관계후보없음판정: 연결할 Entity 후보가 없어 Relation 생성을 보류한 경우는 관계가 거짓으로 검증된 것과 다르다. 탐색 범위를 함께 남긴다.
상태이력공백판정	other,state,boundary,process	absence_nonexistence	absence	상태이력공백판정: 두 시점 사이 State 기록이 없으면 그 기간의 상태는 알 수 없다. 앞 상태가 계속됐다고 자동 보간하지 않는다.
행동취소비미존재판정	other,state,boundary,process	absence_nonexistence	absence	행동취소비미존재판정: 예약 Action이 취소되어도 예약과 취소 사건은 이력에 존재한다. 취소를 과거 사건의 완전한 삭제로 처리하지 않는다.
대상수영과범주부재구분	other,state,boundary,attribute	absence_nonexistence	absence	대상수영과범주부재구분: 특정 유형의 Entity 수가 0이어도 유형 정의는 남을 수 있다. 대상수영과범주부재구분은 개수와 스키마를 나눈다.
속성삭제와널값구분	other,state,boundary,attribute	absence_nonexistence	absence	속성삭제와널값구분: Attribute 필드를 제거한 레코드와 필드가 널인 레코드는 구조가 다르다. 둘을 같은 빈값으로 직렬화하지 않는다.
수량범위없음판정	other,state,boundary,attribute	absence_nonexistence	absence	수량범위없음판정: 표본이 없어 최소·최대 Quantity를 계산하지 못한 경우 0~0 범위가 아니다. 계산 불가 상태를 값으로 위장하지 않는다.
관계타입미정의판정	other,state,boundary,classification	absence_nonexistence	absence	관계타입미정의판정: 두 Entity는 있으나 연결을 표현할 Relation 타입이 스키마에 없을 수 있다. 실제 연결 부재와 모델링 수단 부재를 가른다.
상태센서무응답판정	other,state,boundary,attribute	absence_nonexistence	absence	상태센서무응답판정: 센서 응답이 없어 장치 State를 읽지 못했다면 오프 상태로 기록하면 안 된다. 관측 부재를 명시한다.
행동로그보존기간만료판정	other,state,boundary,process	absence_nonexistence	absence	행동로그보존기간만료판정: 오래된 Action 로그가 보존 기간 만료로 지워져도 사건이 없었다는 증거는 아니다. 자료 부재의 원인을 보존 정책에 연결한다.
# 091~120 여섯 정보형의 미관측·미측정·미기록 판정
대상정체미확인판정	other,state,boundary,classification	unknown_unobserved	unknown	대상정체미확인판정: 영상에 물체가 보이지만 해상도가 낮아 어떤 Entity인지 알 수 없다. 대상정체미확인판정은 존재 관측과 종류 판정을 분리한다.
속성값미관측판정	other,state,boundary,attribute	unknown_unobserved	unknown	속성값미관측판정: 대상은 확인했으나 표면 온도 Attribute를 측정하지 않았다. 속성값미관측판정에서는 정상값이나 평균값을 대신 넣지 않는다.
수량단위미상판정	other,state,boundary,attribute	unknown_unobserved	unknown	수량단위미상판정: 기록에 25라는 숫자만 있어 Quantity의 단위를 결정할 수 없다. 수량단위미상판정은 값 크기의 비교도 보류한다.
관계방향미상판정	other,state,boundary,classification	unknown_unobserved	unknown	관계방향미상판정: 두 부품이 연결된 것은 보이지만 어느 쪽이 다른 쪽을 제어하는지 자료가 없다. Relation 방향을 임의로 정하지 않는다.
현재상태미조회판정	other,state,boundary,classification	unknown_unobserved	unknown	현재상태미조회판정: 마지막 기록은 운행 중이지만 실시간 조회가 끊겨 지금 State는 알 수 없다. 과거 상태를 현재로 복사하지 않는다.
행동수행자미상판정	other,state,boundary,role	unknown_unobserved	unknown	행동수행자미상판정: 설정 변경 Action은 기록됐지만 계정 정보가 빠져 누가 수행했는지 모른다. 사건의 존재와 행위자 식별을 나누어 보존한다.
대상수미집계판정	other,state,boundary,attribute	unknown_unobserved	unknown	대상수미집계판정: 일부 창고만 조회해 전체 Entity 수를 계산하지 못했다. 대상수미집계판정은 조회된 개수를 전체 재고로 확정하지 않는다.
속성정의모호판정	other,state,boundary,attribute	unknown_unobserved	unknown	속성정의모호판정: ‘크기’ Attribute가 길이인지 면적인지 설명 문서가 없다. 속성정의모호판정은 수치가 있어도 의미를 미상으로 둔다.
수량측정시점미상판정	other,state,boundary,attribute	unknown_unobserved	unknown	수량측정시점미상판정: 무게값은 남았지만 측정 시각이 없어 현재 Quantity인지 판단하기 어렵다. 값의 존재를 최신성 증거로 삼지 않는다.
관계유효기간미상판정	other,state,boundary,classification	unknown_unobserved	unknown	관계유효기간미상판정: 소속 Relation의 시작일은 있으나 종료 여부가 기록되지 않았다. 관계유효기간미상판정은 현재 유효성을 단정하지 않는다.
상태전이원인미상판정	other,state,boundary,process	unknown_unobserved	unknown	상태전이원인미상판정: 장치가 정지 State로 바뀐 시각은 알지만 어떤 Action이 원인인지 모른다. 시간 인접성만으로 원인을 고르지 않는다.
행동성공여부미상판정	other,state,boundary,process	unknown_unobserved	unknown	행동성공여부미상판정: 명령 전송은 기록됐으나 응답 로그가 없어 Action의 성공 여부를 알 수 없다. 시도와 완료를 같은 상태로 쓰지 않는다.
대상경계미관측판정	other,state,boundary,classification	unknown_unobserved	unknown	대상경계미관측판정: 센서 화면의 일부가 가려져 두 물체가 별도 Entity인지 하나인지 판정할 수 없다. 보이지 않는 경계를 추측해 개체 수를 정하지 않는다.
속성출처미기록판정	other,state,boundary,attribute	unknown_unobserved	unknown	속성출처미기록판정: 품질 Attribute 값은 있지만 자동 센서인지 수동 입력인지 출처가 없다. 속성출처미기록판정은 신뢰 수준을 미상으로 남긴다.
수량정밀도미상판정	other,state,boundary,attribute	unknown_unobserved	unknown	수량정밀도미상판정: 3.14라는 Quantity가 반올림된 값인지 정확한 값인지 기록이 없다. 마지막 자릿수까지 확정된 측정으로 해석하지 않는다.
관계상대대상미상판정	other,state,boundary,classification	unknown_unobserved	unknown	관계상대대상미상판정: “연결됨” 표시는 있으나 상대 Entity의 식별자가 빠졌다. Relation 존재 후보와 끝점 미상을 함께 기록한다.
상태코드의미미상판정	other,state,boundary,classification	unknown_unobserved	unknown	상태코드의미미상판정: 장치가 코드 E7을 보이지만 코드표가 없어 어떤 State인지 해석하지 못한다. 오류라고 추측해 운행을 중단했다고 쓰지 않는다.
행동순서미기록판정	other,state,boundary,process	unknown_unobserved	unknown	행동순서미기록판정: 두 Action이 발생한 사실은 알지만 타임스탬프가 없어 선후를 결정할 수 없다. 파일 나열 순서를 시간 순서로 대신하지 않는다.
대상위치미관측판정	other,state,boundary,classification	unknown_unobserved	unknown	대상위치미관측판정: 재고 Entity는 등록돼 있으나 최근 위치 스캔이 없다. 대상위치미관측판정은 분실과 미확인을 구별한다.
속성변화량미계산판정	other,state,boundary,attribute	unknown_unobserved	unknown	속성변화량미계산판정: 시작 Attribute 값만 있고 종료값이 없어 변화량을 알 수 없다. 한 시점의 수치를 변화 없음으로 해석하지 않는다.
수량표본범위미상판정	other,state,boundary,attribute	unknown_unobserved	unknown	수량표본범위미상판정: 평균 Quantity는 제시됐지만 어떤 표본을 포함했는지 정보가 없다. 수량표본범위미상판정은 대표성을 판단 보류한다.
관계근거미확보판정	other,state,boundary,classification	unknown_unobserved	unknown	관계근거미확보판정: 데이터베이스에는 소유 Relation이 있으나 계약이나 등록 근거를 조회하지 못했다. 관계 값의 진위를 확정하지 않는다.
상태관측간격공백판정	other,state,boundary,attribute	unknown_unobserved	unknown	상태관측간격공백판정: 오전과 저녁 State만 있어 낮 동안의 변화는 알 수 없다. 두 관측이 같아도 중간 상태가 없었다고 단정하지 않는다.
행동취소원인미상판정	other,state,boundary,process	unknown_unobserved	unknown	행동취소원인미상판정: 예약 Action이 취소된 사실은 보이지만 사용자 요청인지 시스템 오류인지 기록이 없다. 원인을 임의로 채우지 않는다.
대상분류근거미상판정	other,state,boundary,classification	unknown_unobserved	unknown	대상분류근거미상판정: Entity에 ‘위험’ 라벨이 붙었지만 어떤 Attribute가 기준이었는지 모른다. 라벨만으로 위험 원인을 설명하지 않는다.
속성측정방법미상판정	other,state,boundary,attribute	unknown_unobserved	unknown	속성측정방법미상판정: 경도 Attribute 값은 있으나 사용한 시험법이 빠져 다른 결과와 비교하기 어렵다. 방법 미상을 값 오류로 단정하지 않는다.
수량부호의미미상판정	other,state,boundary,attribute	unknown_unobserved	unknown	수량부호의미미상판정: Quantity -4가 감소량인지 실제 음수값인지 정의가 없다. 부호 의미가 확인될 때까지 계산 방향을 보류한다.
관계다중성미상판정	other,state,boundary,classification	unknown_unobserved	unknown	관계다중성미상판정: 한 Entity가 여러 대상과 연결될 수 있는지 스키마 제약을 찾지 못했다. 첫 Relation만 남겨 나머지를 오류로 지우지 않는다.
상태확정자미상판정	other,state,boundary,role	unknown_unobserved	unknown	상태확정자미상판정: 문서가 승인 State로 바뀌었지만 누가 확정했는지 감사 기록이 없다. 상태 값과 승인 권한 검증을 별도로 둔다.
행동대상범위미상판정	other,state,boundary,process	unknown_unobserved	unknown	행동대상범위미상판정: “전체 삭제” Action이 실행됐으나 전체가 어느 컬렉션을 뜻하는지 로그가 모호하다. 영향받은 Entity 범위를 확정하지 않는다.
# 121~150 여섯 정보형 추정의 확률·근거 판정
대상동일성확률판정	other,state,boundary,comparison	uncertainty_evidence	modality	대상동일성확률판정: 이름과 위치가 같은 두 기록은 한 Entity일 가능성이 있지만 고유 번호가 다르면 반대 증거다. 단서별 가중치를 함께 남긴다.
속성값추정구간판정	other,state,boundary,attribute	uncertainty_evidence	modality	속성값추정구간판정: 직접 측정이 없을 때 주변 센서로 Attribute 값을 추정한다면 단일 수치보다 가능한 구간을 제시한다. 추정을 관측으로 표시하지 않는다.
수량예측오차판정	other,state,boundary,attribute	uncertainty_evidence	modality	수량예측오차판정: 내일 수요 Quantity에는 예측값과 오차 범위가 함께 필요하다. 점예측 하나를 실제 측정과 같은 확정값으로 저장하지 않는다.
관계존재개연성판정	other,state,boundary,comparison	uncertainty_evidence	modality	관계존재개연성판정: 반복된 공동 구매는 두 계정의 Relation 가능성을 높이지만 직접 소속 증거는 아니다. 개연성과 확정 연결을 구별한다.
상태추론신뢰판정	other,state,boundary,attribute	uncertainty_evidence	modality	상태추론신뢰판정: 전류와 소리만으로 기계가 가동 State라고 추론하면 센서 품질에 따른 신뢰도를 붙인다. 간접 신호를 직접 상태 관측으로 바꾸지 않는다.
행동의도예측판정	other,state,boundary,process	uncertainty_evidence	modality	행동의도예측판정: 장바구니 담기는 구매 Action의 가능성을 높이지만 결제 실행을 보장하지 않는다. 의도 신호와 실제 사건을 분리한다.
대상분류확률판정	other,state,boundary,classification	uncertainty_evidence	modality	대상분류확률판정: 영상 모델이 물체 Entity를 새로 분류했다면 후보별 확률과 임계값을 기록한다. 최고 후보만 확정 라벨로 고정하지 않는다.
속성결측대치신뢰판정	other,state,boundary,attribute	uncertainty_evidence	modality	속성결측대치신뢰판정: 누락된 Attribute를 평균으로 대치하면 실제 값이 아니라는 표지와 불확실성을 남긴다. 채워진 수치를 원관측처럼 사용하지 않는다.
수량환산오차판정	other,state,boundary,attribute	uncertainty_evidence	modality	수량환산오차판정: 단위 변환한 Quantity에는 원값 정밀도와 반올림 영향이 이어진다. 환산 결과의 자릿수를 근거 없이 더 정확하게 만들지 않는다.
관계방향추정판정	other,state,boundary,classification	uncertainty_evidence	modality	관계방향추정판정: 메시지 흐름으로 제어 Relation의 방향을 추정할 수 있지만 중계 장치가 있으면 반례가 된다. 직접 구성 자료 전에는 가설로 둔다.
상태전이확률판정	other,state,boundary,process	uncertainty_evidence	modality	상태전이확률판정: 과거 빈도로 다음 State를 예측할 수 있어도 현재 전이가 발생했다는 사실은 아니다. 확률 모델과 관측 로그를 분리한다.
행동성공가능성판정	other,state,boundary,process	uncertainty_evidence	modality	행동성공가능성판정: 네트워크 품질이 좋으면 업로드 Action의 성공 가능성이 높지만 완료 응답 전에는 확정할 수 없다. 예상과 결과를 구별한다.
대상존재신뢰판정	other,state,boundary,comparison	uncertainty_evidence	modality	대상존재신뢰판정: 센서 하나의 짧은 신호보다 여러 시점의 일치 신호가 Entity 존재의 강한 근거다. 잡음 가능성을 제거하지 않고 신뢰도로 표현한다.
속성순위불확실성판정	other,state,boundary,comparison	uncertainty_evidence	modality	속성순위불확실성판정: 두 제품의 품질 Attribute 차이가 측정오차보다 작으면 순위를 확정하기 어렵다. 작은 점수 차이를 명확한 우열로 과장하지 않는다.
수량임계초과가능성판정	other,state,boundary,comparison	uncertainty_evidence	modality	수량임계초과가능성판정: 추정 하중 Quantity의 분포 일부가 한계를 넘으면 위험 가능성을 보고한다. 평균이 낮다는 이유로 초과 확률을 0으로 두지 않는다.
관계오탐위험판정	other,state,boundary,comparison	uncertainty_evidence	modality	관계오탐위험판정: 이름만 같은 두 Entity를 자동 연결하면 거짓 Relation이 생길 위험이 크다. 주소나 고유키 같은 독립 증거를 요구한다.
상태판정임계값민감성	other,state,boundary,comparison	uncertainty_evidence	modality	상태판정임계값민감성: 온도 기준을 조금 바꾸면 정상과 경고 State의 분류가 달라질 수 있다. 임계값 근처 결과에 불확실성 표지를 붙인다.
행동탐지미탐가능성	other,state,boundary,process	uncertainty_evidence	modality	행동탐지미탐가능성: 로그가 없더라도 센서 누락 때문에 Action을 놓쳤을 가능성이 있다. 미기록을 발생 확률 0으로 설정하지 않는다.
대상경계분할확률판정	other,state,boundary,classification	uncertainty_evidence	modality	대상경계분할확률판정: 겹친 영상 영역이 한 Entity인지 둘인지 각 분할 가설의 점수를 유지한다. 불명확한 윤곽을 확정 개체 수로 세지 않는다.
속성원인추정판정	other,state,boundary,comparison	uncertainty_evidence	modality	속성원인추정판정: 밝기 Attribute 변화가 조명 때문일 가능성이 있어도 카메라 설정 변화라는 대안이 남는다. 상관을 단일 원인으로 확정하지 않는다.
수량표본오차판정	other,state,boundary,attribute	uncertainty_evidence	modality	수량표본오차판정: 일부 고객만 조사한 평균 Quantity에는 표본오차가 있다. 전체 모집단의 정확한 값처럼 소수점까지 고정하지 않는다.
관계지속가능성판정	other,state,boundary,process	uncertainty_evidence	modality	관계지속가능성판정: 최근 접촉이 없어도 계약 기간이 남았다면 Relation이 지속될 가능성이 있다. 연락 빈도만으로 종료를 확정하지 않는다.
상태복원가설판정	other,state,boundary,process	uncertainty_evidence	modality	상태복원가설판정: 로그 공백 사이 State를 복원할 때 가능한 전이 경로가 여러 개일 수 있다. 가장 짧은 경로만 실제 이력으로 기록하지 않는다.
행동주체추정신뢰판정	other,state,boundary,role	uncertainty_evidence	modality	행동주체추정신뢰판정: 접속 주소와 근무 시간을 이용해 Action 주체를 추정해도 계정 공유 가능성이 남는다. 직접 인증 기록 전에는 후보로 둔다.
대상중복확률판정	other,state,boundary,comparison	uncertainty_evidence	modality	대상중복확률판정: 두 Entity 기록의 유사도가 높으면 중복 후보지만 서로 다른 지점의 동일 모델일 수도 있다. 병합 전 반대 증거를 확인한다.
속성분류가능성판정	other,state,boundary,classification	uncertainty_evidence	modality	속성분류가능성판정: 자유문 텍스트가 색상 Attribute를 나타낼 가능성은 있어도 제품명 일부일 수 있다. 문맥 근거 없이 필드 타입을 바꾸지 않는다.
수량상한추정판정	other,state,boundary,attribute	uncertainty_evidence	modality	수량상한추정판정: 검출 한계 때문에 큰 값이 잘렸다면 Quantity의 정확값 대신 최소치나 상한 정보를 제시한다. 잘린 끝값을 실제 측정으로 간주하지 않는다.
관계추론증거등급판정	other,state,boundary,classification	uncertainty_evidence	modality	관계추론증거등급판정: 공식 계약은 공동 출현보다 소속 Relation을 뒷받침하는 강한 증거다. 관계추론증거등급판정은 단서의 질을 구별한다.
상태예측갱신판정	other,state,boundary,process	uncertainty_evidence	modality	상태예측갱신판정: 새 센서 관측이 오면 이전 State 예측의 확률을 다시 계산한다. 과거 추정을 고정 사실로 남겨 최신 증거와 충돌시키지 않는다.
행동결과추정범위판정	other,state,boundary,process	uncertainty_evidence	modality	행동결과추정범위판정: 설정 Action 뒤 영향받은 Entity가 일부만 보이면 결과 범위를 잠정적으로 표시한다. 미관측 대상까지 성공했다고 확대하지 않는다.
