flag	grade	evidence	checked	declared_in
--abl-crops	ok		2026-09-04	scripts/diag_layer_map.py
--accum	ok		2026-09-04	scripts/check_run_registry.py,tinylm/cli.py
--add	ok		2026-09-04	scripts/wip.py
--alg-ids	ok	P025B 형상별 cuSPARSELt 알고리즘 탐색 목록; 탐색과 확인 측정을 분리한다	2026-09-20	scripts/diag_sparse24_path_attribution.py
--all	ok		2026-09-04	scripts/check_handoff.py,scripts/diag_cache.py,scripts/fetch_bench_data.py,scripts/plot_results.py
--all-pairs	ok		2026-09-04	scripts/paired_join.py
--allow	ok		2026-09-04	scripts/check_change_scope.py,scripts/wip.py
--allow-concurrent	ok	동시 WIP 생성의 명시 승인 경로; 기존 open WIP·사유·session id 필수	2026-09-18	scripts/wip.py
--allow-directive-correction	ok		2026-09-04	scripts/wip.py
--allow-legacy-metadata-gap	ok	P085 Stage10c one-time bridge: permits core paired comparison only when a legacy census lacks the new condition signature; output must retain CORE_MATCH_LEGACY_METADATA_GAP	2026-09-14	scripts/compare_heldout_census.py
--allow-renumber	ok		2026-09-04	scripts/rename_result.py
--alpha	ok		2026-09-04	scripts/diag_kd_loss.py
--anneal-audit	ok	승인된 anneal C안 A2 - 새 JSONL에 유니크 TLinear 표본의 quant 거리·code flip·점유·경계여유·grad/update RMS를 기록. --resume·속도 판정 팔과 배타	2026-09-15	tinylm/cli.py
--anneal-audit-every	ok	anneal 동역학 계측 간격. 기본 100. --anneal-audit 없이는 무의미	2026-09-15	tinylm/cli.py
--anneal-audit-max-modules	ok	이름 순서에서 고르게 고를 유니크 TLinear 최대 개수. 기본 8	2026-09-15	tinylm/cli.py
--anneal-end	ok		2026-09-04	tinylm/cli.py
--anneal-shape	ok		2026-09-04	tinylm/cli.py
--anneal-start	ok		2026-09-04	tinylm/cli.py
--apply	ok		2026-09-04	scripts/append_repro.py,scripts/ckpt_audit.py,scripts/label_val_unseen_relations.py,scripts/rename_result.py,scripts/sync_experiments_tsv.py
--approval-ref	ok		2026-09-04	scripts/wip.py
--arch	ok		2026-09-04	scripts/common_bpb.py,scripts/diag_alpha_group.py,scripts/diag_fp8_precision.py,scripts/diag_sparse34.py,scripts/diag_sparse34_pack.py,scripts/diag_val_docs.py,scripts/eval_slices.py,tinylm/cli.py
--arena-end	ok		2026-09-04	tinylm/cli.py
--arena-lambda	ok		2026-09-04	tinylm/cli.py
--arenas	ok		2026-09-04	tinylm/cli.py
--artifact	ok		2026-09-04	scripts/wip.py
--as-of	ok	dirty live 문서 선언일 비교 기준일; 검사 입력만 바꾸고 파일은 수정하지 않음	2026-09-18	scripts/check_doc_metadata.py
--attn-group	ok		2026-09-04	scripts/diag_depth_init.py,tinylm/cli.py
--audit	ok		2026-09-04	scripts/handoff_queue.py,scripts/queue_menu.py
--authority	ok		2026-09-04	scripts/new_proposal.py
--backfill	ok		2026-09-04	scripts/registry.py
--base	ok		2026-09-04	scripts/diag_visit_selectivity.py
--baseline	ok	P085 Stage10c same-panel held-out version comparison baseline JSON	2026-09-14	scripts/compare_heldout_census.py
--bat	ok		2026-09-04	scripts/check_eval_pool.py
--batch	ok		2026-09-04	scripts/diag_lut_kernel.py
--batches	ok		2026-09-04	scripts/diag_trapping.py
--bench	ok		2026-09-04	scripts/diag_bench_tokens.py,scripts/label_heldout_controlled.py
--bind-session	ok	구형 미결합 open WIP의 감사형 단방향 세션 결합; reason·approval-ref 필수	2026-09-18	scripts/wip.py
--block	ok		2026-09-04	scripts/diag_train_repeat.py,scripts/wip.py
--both-cache	ok		2026-09-04	scripts/bench_infer.py
--bs	ok		2026-09-04	scripts/diag_depth_init.py,scripts/diag_gqa_equiv.py,scripts/diag_kd_loss.py,scripts/diag_sdpa_backends.py,scripts/diag_train_repeat.py
--build	ok		2026-09-04	scripts/queue_menu.py
--cache	ok		2026-09-04	scripts/diag_common_text.py
--cache-data	ok	실제 validation 텍스트 원천 캐시를 명시한다. checkpoint tokenizer와 다르면 decode 후 model tokenizer로 재인코딩한다	2026-09-18	scripts/infer_text_probe.py
--cache-dir	ok	기존 meta.json과 val.bin이 있는 정확한 cache directory를 명시하며 자동 생성하지 않는다	2026-09-18	scripts/infer_text_probe.py
--candidate	ok	P085 Stage10c same-panel held-out version comparison candidate JSON	2026-09-14	scripts/compare_heldout_census.py
--capsule-check	ok		2026-09-04	scripts/wip.py
--capsule-print	ok		2026-09-04	scripts/wip.py
--category	ok		2026-09-04	scripts/new_proposal.py
--ce-chunk	ok		2026-09-04	scripts/common_bpb.py,tinylm/cli.py
--center-weights	ok		2026-09-04	tinylm/cli.py
--changed	ok		2026-09-04	scripts/check_change_scope.py
--check	ok		2026-09-04	scripts/label_val_unseen_relations.py,scripts/wandb_sync.py
--check-cache	ok		2026-09-04	scripts/bench_infer.py,scripts/probe_prompts.py,tinylm/cli.py
--ckpt	ok		2026-09-04	scripts/diag_layer_gates.py,scripts/diag_lrm_values.py,scripts/diag_lut_kernel.py,scripts/diag_sparse34_pack.py,scripts/diag_vocab.py
--ckpt-path	ok		2026-09-04	tinylm/cli.py
--ckpt-tokens	ok		2026-09-04	scripts/diag_val_docs.py,scripts/paired_eval.py,tinylm/cli.py
--cla-group	ok		2026-09-04	tinylm/cli.py
--close	ok		2026-09-04	scripts/wip.py
--compile	ok		2026-09-04	tinylm/cli.py
--compile-mode	ok		2026-09-04	tinylm/cli.py
--concurrent-reason	ok	동시 WIP 사용자 승인 사유 기록; --allow-concurrent와 함께만 유효	2026-09-18	scripts/wip.py
--context-tokens	ok	teacher-forced 실제 텍스트 probe의 문맥 토큰 수	2026-09-18	scripts/infer_text_probe.py
--corpus	ok	P090 선결(2026-09-10(2차)) - diag_sft_mask 가 검사할 canonical jsonl. 미지정이면 내장 합성 대화 4종을 쓴다(파일 없이 스모크에서 돌아야 하므로)	2026-09-10	scripts/diag_sft_mask.py
--corr	ok		2026-09-04	scripts/paired_join.py
--cpu-baseline	ok		2026-09-04	scripts/bench_infer.py
--cpu-ext-limit	ok		2026-09-04	scripts/bench_infer.py
--cpu-ext-retry	ok		2026-09-04	scripts/bench_infer.py
--cpu-watch	ok		2026-09-04	scripts/bench_infer.py
--crops	ok		2026-09-04	scripts/diag_repeat_attn_sim.py,scripts/diag_visit_selectivity.py,scripts/eval_slices.py,scripts/paired_join.py
--cuda-graph	ok	P025B 반복 sparse GEMM의 graph capture 효과를 기본 호출과 분리 측정	2026-09-20	scripts/diag_sparse24_path_attribution.py
--data	ok		2026-09-04	scripts/bench_fused_int8.py,scripts/bench_infer.py,scripts/census_heldout_discrimination.py,scripts/common_bpb.py,scripts/diag_alpha_group.py,scripts/diag_attention_sink.py,scripts/diag_bench_overlap.py,scripts/diag_bench_tokens.py,scripts/diag_cache.py,scripts/diag_chat_overhead.py,scripts/diag_dataset_tokens.py,scripts/diag_decode_profile.py,scripts/diag_depth_init.py,scripts/diag_dtype_map.py,scripts/diag_fp8_precision.py,scripts/diag_group_agg.py,scripts/diag_kd_loss.py,scripts/diag_kvcache.py,scripts/diag_layer_gates.py,scripts/diag_layer_map.py,scripts/diag_repeat_attn_sim.py,scripts/diag_sft_mask.py,scripts/diag_spam_rate.py,scripts/diag_sparse34.py,scripts/diag_sparse34_pack.py,scripts/diag_train_repeat.py,scripts/diag_trapping.py,scripts/diag_val_docs.py,scripts/diag_val_lang.py,scripts/diag_vocab.py,scripts/eval_bench_suite.py,scripts/eval_korean_bench.py,scripts/eval_slices.py,scripts/mem_runtime.py,scripts/paired_eval.py,scripts/probe_prompts.py,tinylm/cli.py
--data-default	ok		2026-09-04	scripts/common_bpb.py
--date	ok		2026-09-04	scripts/new_proposal.py
--db	ok		2026-09-04	scripts/registry.py
--decay-frac	ok		2026-09-04	tinylm/cli.py
--decay-from	ok		2026-09-04	tinylm/cli.py
--deep	ok		2026-09-04	scripts/diag_visit_selectivity.py
--depth-init	ok		2026-09-04	tinylm/cli.py
--device	ok		2026-09-04	scripts/bench_fused_int8.py,scripts/bench_infer.py,scripts/census_heldout_discrimination.py,scripts/common_bpb.py,scripts/diag_alpha_group.py,scripts/diag_attention_sink.py,scripts/diag_depth_init.py,scripts/diag_dtype_map.py,scripts/diag_fp8_precision.py,scripts/diag_gqa_equiv.py,scripts/diag_kd_loss.py,scripts/diag_kvcache.py,scripts/diag_layer_map.py,scripts/diag_p067_teacher.py,scripts/diag_repeat_attn_sim.py,scripts/diag_sdpa_backends.py,scripts/diag_train_repeat.py,scripts/diag_trapping.py,scripts/eval_bench_suite.py,scripts/eval_korean_bench.py,scripts/mem_runtime.py,scripts/paired_eval.py,scripts/probe_prompts.py
--dim	ok		2026-09-04	scripts/diag_lut_kernel.py
--dir	ok		2026-09-04	scripts/check_heldout_defects.py
--directive	ok		2026-09-04	scripts/wip.py
--doc-filter	ok		2026-09-04	scripts/diag_cache.py,scripts/diag_val_docs.py,scripts/eval_slices.py,tinylm/cli.py
--doc-min-chars	ok		2026-09-04	tinylm/cli.py
--docstats	ok		2026-09-04	scripts/eval_slices.py
--document	ok		2026-09-04	scripts/check_doc_routing.py
--done	ok		2026-09-04	scripts/wip.py
--drop-contaminated	dead	결과 053 §12.3 - 몸통 0줄. 이 플래그를 주고 돌려도 출력이 바이트 동일이었다. 선결=오염 문서 348건의 인덱스 저장(미구현)	2026-09-04	scripts/common_bpb.py
--drop-latent	ok		2026-09-04	scripts/bench_infer.py,scripts/mem_runtime.py
--dry-run	ok		2026-09-04	scripts/new_handoff.py,scripts/new_proposal.py,scripts/wandb_table_probe.py
--dtype	ok		2026-09-04	scripts/diag_p067_teacher.py
--dump-crops	ok		2026-09-04	scripts/paired_eval.py
--dump-json	ok		2026-09-04	scripts/diag_layer_map.py
--dup-sample	ok	2026-09-10 신설 - 내부 근사중복(O(n^2))을 볼 표본 크기. audit_sft_corpus / audit_heldout_v28	2026-09-10	scripts/audit_heldout_v28.py,scripts/audit_sft_corpus.py
--early-stop	ok		2026-09-04	tinylm/cli.py
--edge	ok		2026-09-04	scripts/check_spill.py
--ema	ok		2026-09-04	tinylm/cli.py
--ema-start	ok		2026-09-04	tinylm/cli.py
--emb-chunk	ok		2026-09-04	scripts/mem_runtime.py,scripts/paired_eval.py,tinylm/cli.py
--emb-quant	ok		2026-09-04	scripts/mem_runtime.py,scripts/paired_eval.py
--emb-quant-per-tag	ok		2026-09-04	scripts/paired_eval.py
--emb-rank	exp	P046 / 결과 060 - E=128 은 int8 경로에서만 이득	2026-09-04	tinylm/cli.py
--entity	ok		2026-09-04	scripts/wandb_sync.py
--environment-approval	ok		2026-09-04	scripts/check_change_scope.py
--eval-every	ok		2026-09-04	tinylm/cli.py
--exact-cache	ok		2026-09-04	tinylm/cli.py
--exact-path	ok		2026-09-04	scripts/new_proposal.py
--evidence	ok	P094 R0 machine-readable P022C dependency evidence path; absence is declared HOLD exit 8	2026-09-19	scripts/diag_p094_dependency_gate.py
--expect-count	ok	W&B exact-tag post-run 전송에서 선택된 eligible JSON이 정확히 하나인지 login 전에 검증	2026-09-20	scripts/wandb_sync.py
--expect-before	ok		2026-09-04	scripts/wip.py
--explicit-path	ok		2026-09-04	scripts/check_doc_routing.py
--field	ok		2026-09-04	scripts/wip.py
--fields	ok		2026-09-04	scripts/diag_dataset_tokens.py
--filter	ok	interactive checkpoint catalog substring filter; model loads only after explicit selection	2026-09-19	scripts/interactive_infer.py
--fig	ok		2026-09-04	scripts/plot_results.py
--file	ok		2026-09-04	scripts/audit_heldout_v28.py,scripts/check_pending.py,scripts/wip.py
--find	ok		2026-09-04	scripts/registry.py
--fix	ok		2026-09-04	scripts/check_index_sync.py,scripts/check_links.py
--fix-handoff-renames	ok	사용자 명시 승인 시 handoff의 유일 상태개명 링크 후보만 교정	2026-09-18	scripts/check_links.py
--force	ok	2026-09-10 신설 - 벤치 캐시를 다시 만든다. held-out 판이 바뀌어도 '이미 있다' 로 건너뛰던 구멍을 막는다	2026-09-10	scripts/fetch_bench_data.py
--force-dense	ok		2026-09-04	tinylm/cli.py
--full-logits	ok	추론 벤치 역사 재현용; 실제 생성 벤치 기본은 logits_last_only이며 학습 forward 기본은 유지	2026-09-19	scripts/bench_infer.py
--layouts	ok	P025B sparse operand layout 후보를 명시해 방향별 성능과 정합을 분리	2026-09-20	scripts/diag_sparse24_path_attribution.py
--format	ok		2026-09-06	scripts/wandb_table_probe.py
--freq-cap	ok		2026-09-04	scripts/diag_bench_tokens.py
--from-step	ok		2026-09-04	scripts/check_spill.py
--fsync-sec	ok		2026-09-04	scripts/runlog.py
--g	ok		2026-09-04	scripts/diag_lut_kernel.py
--group	ok		2026-09-19	scripts/diag_group_agg.py,scripts/diag_sharing_parent_approx.py
--group-init	ok	P076 공유 MLP/어텐션 부모 집약 방식; mean 기본 비트동일, middle·norm_mean 실험	2026-09-19	tinylm/cli.py
--group-inits	ok	P076 Stage1 step0 이식 대역에서 여러 집약 방식을 한 크롭으로 검사	2026-09-19	scripts/diag_depth_init.py
--head-dim	ok		2026-09-04	scripts/diag_sdpa_backends.py
--has-smoke	ok	WSL queue 선택에 smoke가 포함됐는지 판정하는 읽기 전용 실행기 제어값	2026-09-19	scripts/queue_menu_linux.py
--heldout	ok	2026-09-10 신설 - SFT 코퍼스와 held-out 의 오염 대조용 경로	2026-09-10	scripts/audit_sft_corpus.py
--heldout-version	ok	A01(2026-09-10) - stage1_heldout 의 판을 명시한다(2.7/2.8/latest). 판마다 캐시가 따로 생겨 v2.7 과 v2.8 을 함께 누적할 수 있고, 어느 판으로 쟀는지가 요약·W&B·결과 json 에 남는다. 종전엔 문자열 정렬로 최신 폴더를 조용히 골랐다	2026-09-10	scripts/census_heldout_discrimination.py,scripts/eval_bench_suite.py,scripts/fetch_bench_data.py
--hf	ok		2026-09-04	scripts/diag_chat_overhead.py
--hours-target	ok	핸드오프 현재 큐 편성 목표; 기본 48h, 세션별 명시값만 override	2026-09-19	.agents/skills/session-handoff/scripts/check_handoff_codex.py,scripts/check_handoff.py
--ids	ok		2026-09-04	scripts/queue_menu.py
--infer-repeat	ok		2026-09-04	scripts/bench_infer.py,scripts/diag_layer_map.py,scripts/paired_eval.py,tinylm/cli.py
--infer-repeat-per-tag	ok		2026-09-04	scripts/paired_eval.py
--init	ok		2026-09-04	scripts/check_flag_whitelist.py
--init-from	ok		2026-09-04	tinylm/cli.py
--init-from-tag	ok		2026-09-04	tinylm/cli.py
--inspect	ok		2026-09-04	scripts/diag_val_docs.py
--inspect-chars	ok		2026-09-04	scripts/diag_val_docs.py
--int8-store	ok		2026-09-04	scripts/bench_infer.py,scripts/mem_runtime.py
--item	ok		2026-09-04	scripts/wip.py
--iters	ok		2026-09-19	scripts/diag_dtype_map.py,scripts/diag_fp8_scaling_overhead.py,scripts/diag_int8mm_paths.py,scripts/diag_scout_memory_integration.py,scripts/diag_sdpa_backends.py,scripts/diag_sdpa_gqa_model_path.py,scripts/diag_sdpa_wsl_gqa.py,scripts/diag_sparse24_inference_attribution.py
--jsonl	ok		2026-09-04	scripts/diag_common_text.py
--k	ok		2026-09-04	scripts/diag_bench_overlap.py
--kd	ok		2026-09-04	tinylm/cli.py
--kd-alpha	ok		2026-09-04	tinylm/cli.py
--kd-best	ok		2026-09-04	tinylm/cli.py
--kd-cache	ok		2026-09-04	tinylm/cli.py
--kd-chunk	ok		2026-09-04	tinylm/cli.py
--kd-dynamic	ok		2026-09-04	tinylm/cli.py
--kd-every	ok		2026-09-04	tinylm/cli.py
--kd-teacher-hf	ok		2026-09-04	tinylm/cli.py
--kd-teacher-infer	exp	P042 / 결과 034 - 기본 off = 비트 동일 확인	2026-09-04	tinylm/cli.py
--kd-teacher-tag	ok		2026-09-04	tinylm/cli.py
--kd-temp	ok		2026-09-04	tinylm/cli.py
--kd-topk	ok		2026-09-04	tinylm/cli.py
--kind	ok	P090 선결 - 채팅 직렬화 규약(chatml/gemma/minimal). 정본은 tinylm/chat/serialize.py 의 SPECS. TinyLM v1 은 chatml	2026-09-10	scripts/diag_sft_mask.py
--klue-mrc	ok		2026-09-04	scripts/diag_common_text.py
--korquad	ok		2026-09-04	scripts/diag_common_text.py
--kv-bytes	ok		2026-09-04	scripts/mem_runtime.py
--kv-dtype	ok		2026-09-04	scripts/diag_kvcache.py,scripts/mem_runtime.py,tinylm/cli.py
--kv-heads	ok		2026-09-04	scripts/diag_sdpa_backends.py
--kv-seq	ok		2026-09-04	scripts/mem_runtime.py
--last	ok		2026-09-04	scripts/check_handoff.py
--layermap-log	ok		2026-09-04	scripts/plot_results.py
--layers	ok		2026-09-04	scripts/diag_sparse34.py
--limit	ok		2026-09-04	scripts/diag_sft_mask.py,scripts/wandb_sync.py
--lines	ok		2026-09-04	scripts/check_doc_ownership.py
--list	ok		2026-09-04	scripts/fetch_bench_data.py,scripts/probe_prompts.py,scripts/queue_menu.py,scripts/wip.py
--live-only	ok		2026-09-04	scripts/dryrun_batch.py
--local-mtime-strict	ok	local mtime 차이를 오류로 승격하는 metadata 검사 모드	2026-09-18	scripts/check_doc_metadata.py
--local-mtime-warn	ok	local mtime 차이를 경고로 기록하는 metadata 검사 모드	2026-09-18	scripts/check_doc_metadata.py
--log	ok		2026-09-04	scripts/check_smoke_diag.py,scripts/registry.py,scripts/summarize_smoke.py
--logits-last-only	ok	A06 - 생성·TTFT·tok/s 벤치는 기본 on; 학습·teacher-forced NLL의 Transformer forward 기본 false는 유지; CPU 40/40 argmax 동일	2026-09-19	scripts/bench_infer.py
--lora-bits	ok		2026-09-04	tinylm/cli.py
--lora-decay	ok		2026-09-04	tinylm/cli.py
--lora-rank	ok		2026-09-04	tinylm/cli.py
--lr	ok		2026-09-04	tinylm/cli.py
--lr-max	ok		2026-09-04	tinylm/cli.py
--lr-min	ok		2026-09-04	tinylm/cli.py
--lrfind-steps	ok		2026-09-04	tinylm/cli.py
--lrs	ok		2026-09-04	tinylm/cli.py
--lut	ok		2026-09-04	scripts/mem_runtime.py
--lut-out-chunk	ok		2026-09-04	scripts/mem_runtime.py
--m	ok	backend primitive의 행 수. 학습 batch 의미가 아니며 shape를 로그에 남긴다	2026-09-19	scripts/diag_fp8_backend_gate.py,scripts/diag_fp8_scaling_overhead.py,scripts/diag_sparse24_backend.py
--match-train-repeat	ok		2026-09-04	scripts/paired_eval.py
--matrix-weight-decay	ok	A08 - 두 옵티마이저의 행렬 WD만 덮어쓴다. 미지정은 optimizer-aware 규약(AdamW 행렬 0.1, Muon 행렬 0)이며 임베딩·norm·LRM WD는 불변. 2026-09-18 Muon RMS4 기본 채용 뒤에도 None을 유지해 이 구분을 보존	2026-09-18	tinylm/cli.py
--max-abs-ratio	ok	P025B FP16 GEMM max absolute error를 reference RMS로 정규화한 outlier gate	2026-09-19	scripts/diag_sparse24_inference_attribution.py
--max-bytes	ok		2026-09-04	scripts/diag_spam_rate.py
--max-memory-ratio	ok	P022C FP8 peak allocation의 BF16 대비 독립 문턱	2026-09-20	scripts/diag_fp8_path_attribution.py
--max-nrms	ok	FP8·2:4·GQA의 RMS(error)/RMS(reference) 정합 문턱	2026-09-19	scripts/diag_fp8_scaling_overhead.py,scripts/diag_sdpa_gqa_model_path.py,scripts/diag_sparse24_inference_attribution.py
--max-output-nrms	ok	P093 parent approximation 출력 NRMS viability 상한	2026-09-19	scripts/diag_sharing_parent_approx.py
--max-speed-ratio	ok	P060B WSL native forced-GQA의 off-default 대비 허용 속도 대가	2026-09-19	scripts/diag_sdpa_wsl_gqa.py
--max-docs	ok		2026-09-04	scripts/common_bpb.py,scripts/diag_alpha_group.py,scripts/diag_common_text.py,scripts/diag_fp8_precision.py,scripts/diag_spam_rate.py,scripts/diag_val_docs.py
--max-new	ok		2026-09-04	scripts/bench_fused_int8.py,scripts/bench_infer.py,scripts/diag_decode_profile.py,scripts/diag_kvcache.py,scripts/eval_bench_suite.py,scripts/mem_runtime.py,tinylm/cli.py
--max-tokens	ok		2026-09-04	scripts/diag_vocab.py
--md	ok		2026-09-04	scripts/diag_dataset_quality.py
--method	ok		2026-09-04	tinylm/cli.py
--micro-bs	ok		2026-09-04	scripts/check_run_registry.py,scripts/common_bpb.py,scripts/diag_alpha_group.py,scripts/diag_dtype_map.py,scripts/diag_fp8_precision.py,scripts/diag_trapping.py,scripts/paired_eval.py,tinylm/cli.py
--micro-group	exp	P051 - packed 전용 레버. 상주식에 bpw 가 없다	2026-09-04	scripts/diag_lut_kernel.py,tinylm/cli.py
--migrate-v2	ok		2026-09-04	scripts/wip.py
--min-cosine	ok	backend 비교의 flattened-output cosine 정합 문턱	2026-09-19	scripts/diag_fp8_scaling_overhead.py,scripts/diag_sdpa_gqa_model_path.py,scripts/diag_sparse24_inference_attribution.py
--min-chars	ok		2026-09-04	scripts/diag_spam_rate.py
--min-memory-reduction	ok	P060B WSL native forced-GQA working-memory 최소 절감율	2026-09-19	scripts/diag_sdpa_wsl_gqa.py
--min-output-improvement	ok	P093 parent approximation rank0 대비 최소 output NRMS 개선율	2026-09-19	scripts/diag_sharing_parent_approx.py
--min-speedup	ok	P022C cast/scaling 포함 FP8 forward 최소 속도향상	2026-09-19	scripts/diag_fp8_scaling_overhead.py
--mlp-film	rejected	결과 063 - 무KD 에서도 +0.0003 (t 0.77). KD 조건의 값이 그대로 재현됐다	2026-09-04	tinylm/cli.py
--mlp-group	exp	결과 067 §11.3 - 잰 전 구간에서 지배당했다(d8 +0.0637 -> d16 +0.1049). 기각이 아니라 파레토 밖	2026-09-04	tinylm/cli.py
--mlp-lrm	exp	P086 / 결과 072 - dense 몸통에서 -0.0005 로 종결. 타잉 몸통은 미측정	2026-09-04	tinylm/cli.py
--mlp-lrm-mode	ok		2026-09-08	tinylm/cli.py
--mlp-lrm-wd	ok		2026-09-08	tinylm/cli.py
--mlp-split	ok		2026-09-04	scripts/diag_depth_init.py,tinylm/cli.py
--mode	ok		2026-09-04	scripts/diag_train_repeat.py
--model	ok		2026-09-06	scripts/bench_tsv.py
--model-arch	ok	P097처럼 태그 접두사로 구조를 추측할 수 없는 checkpoint의 모델별 arch를 명시	2026-09-20	scripts/eval_bench_suite.py,scripts/eval_recipe_prompt_panel.py
--model-data	ok	checkpoint가 사용한 tokenizer identity를 추측하지 않고 명시한다	2026-09-18	scripts/infer_text_probe.py
--models	ok		2026-09-04	scripts/bench_fused_int8.py,scripts/bench_infer.py,scripts/census_heldout_discrimination.py,scripts/common_bpb.py,scripts/diag_alpha_group.py,scripts/diag_attention_sink.py,scripts/diag_decode_profile.py,scripts/diag_fp8_precision.py,scripts/diag_kvcache.py,scripts/diag_layer_map.py,scripts/diag_sparse34.py,scripts/diag_trapping.py,scripts/eval_bench_suite.py,scripts/eval_korean_bench.py,scripts/mem_runtime.py,scripts/paired_eval.py,scripts/probe_prompts.py
--m-values	ok	P025B one-way inference/training pack을 decode·prefill·training 형상 M별로 분리	2026-09-19	scripts/diag_sparse24_inference_attribution.py
--modes	ok		2026-09-04	scripts/diag_depth_init.py
--muon-lr-mult	ok	P005/P005b - Muon 그룹 lr 배수. 2026-09-18 사용자 확정 기본 4.0; 명시적 실험값은 계속 기록	2026-09-18	tinylm/cli.py
--muon-scale	ok	P005b b-1 - Muon 업데이트 스케일 규약. 2026-09-18 사용자 확정 기본 rms=0.2*sqrt(max(out,in)); jordan은 레거시 대조. 두 규약은 균일 LR 배수로 치환 불가	2026-09-18	tinylm/cli.py
--n	ok		2026-09-04	scripts/census_heldout_discrimination.py,scripts/diag_sparse34_pack.py,scripts/eval_bench_suite.py,scripts/eval_korean_bench.py
--n-crops	ok		2026-09-04	scripts/diag_layer_map.py
--name	ok		2026-09-04	scripts/check_batch_name.py,scripts/runlog.py
--near	ok		2026-09-04	scripts/diag_dataset_quality.py
--new	ok		2026-09-04	scripts/rename_result.py,scripts/wip.py
--no-append	ok		2026-09-04	scripts/runlog.py
--no-cache	ok		2026-09-04	scripts/bench_infer.py,scripts/probe_prompts.py,tinylm/cli.py
--no-ckpt	ok		2026-09-04	tinylm/cli.py
--no-cla-edges	exp	P084 / 결과 071 - 채택 후보이나 paired_eval 이 선결. 상주 32.31 로 32 예산 밖	2026-09-04	tinylm/cli.py
--no-eos-stop	ok		2026-09-04	tinylm/cli.py
--no-pmi	ok		2026-09-04	scripts/census_heldout_discrimination.py,scripts/eval_bench_suite.py
--not-run	ok		2026-09-04	scripts/wip.py
--note	ok		2026-09-04	scripts/registry.py,scripts/runlog.py,scripts/wip.py
--off-tag	ok	P060B 동일조건 off JSON을 exact raw tag로 선택하는 paired gate 입력	2026-09-20	scripts/diag_sdpa_gqa_training_pair.py
--on-tag	ok	P060B 동일조건 on JSON을 exact raw tag로 선택하는 paired gate 입력	2026-09-20	scripts/diag_sdpa_gqa_training_pair.py
--num	ok		2026-09-04	scripts/runlog.py
--old	ok		2026-09-04	scripts/rename_result.py
--only	ok		2026-09-04	scripts/fetch_bench_data.py
--opt-dtype	exp	P022B 단계2 - 기본 fp32 = 비트 동일	2026-09-04	tinylm/cli.py
--optimizer	ok	P005/P005b - 2026-09-18 사용자 확정 기본 muon; AdamW는 명시적 대조로 유지. LR·WD·JSON 기록과 기본 smoke 계약이 함께 판정	2026-09-18	tinylm/cli.py
--optimizer-audit	ok	A08 - 새 JSONL 에 매 update 의 실제 LR/WD 와 선택 행렬 8개의 gradient·update·weight RMS. CPU 복사 시간이 ms/step 에 섞이므로 속도 판정 팔과 같이 켜지 않는다. --resume 과 배타	2026-09-10	tinylm/cli.py
--optimizer-audit-every	ok	A08 - 위 계측의 간격(스텝). 기본 100. --optimizer-audit 없이는 무의미	2026-09-10	tinylm/cli.py
--out	ok		2026-09-04	scripts/census_heldout_discrimination.py,scripts/diag_lut_kernel.py
--out-jsonl	ok		2026-09-04	scripts/eval_bench_suite.py
--outdir	ok		2026-09-04	scripts/runlog.py
--outputs	ok	P097 공통평가 산출물의 기존 존재 여부를 실행 전에 fail-closed 검사	2026-09-20	scripts/check_p097_stage2_assets.py
--override	ok		2026-09-04	scripts/wip.py
--pairs	ok		2026-09-04	scripts/paired_join.py
--paths	ok		2026-09-04	scripts/diag_decode_profile.py
--per-item-jsonl	ok	A03(2026-09-10) - 문항별 원장. id/gold/규약별 예측/후보별 합·평균NLL/토큰·문자 길이/평균마진·결정마진/skip 사유. 판정을 사후에 복원할 수 있게 한다	2026-09-10	scripts/eval_bench_suite.py
--plan	ok		2026-09-04	scripts/check_run_registry.py
--plan-stage	ok		2026-09-04	scripts/registry.py
--policy	ok	metadata policy TSV 경로 지정	2026-09-18	scripts/check_doc_metadata.py
--pool-tokens	ok		2026-09-04	tinylm/cli.py
--pools	ok		2026-09-04	scripts/diag_val_lang.py
--prefix	ok		2026-09-04	scripts/wandb_table_probe.py
--preset	ok		2026-09-04	scripts/bench_fused_int8.py,scripts/bench_infer.py,scripts/census_heldout_discrimination.py,scripts/common_bpb.py,scripts/diag_alpha_group.py,scripts/diag_attention_sink.py,scripts/diag_decode_profile.py,scripts/diag_depth_init.py,scripts/diag_dtype_map.py,scripts/diag_fp8_precision.py,scripts/diag_gqa_equiv.py,scripts/diag_group_agg.py,scripts/diag_kvcache.py,scripts/diag_layer_gates.py,scripts/diag_layer_map.py,scripts/diag_repeat_attn_sim.py,scripts/diag_sparse34.py,scripts/diag_sparse34_pack.py,scripts/diag_train_repeat.py,scripts/diag_trapping.py,scripts/diag_val_docs.py,scripts/eval_bench_suite.py,scripts/eval_korean_bench.py,scripts/eval_slices.py,scripts/mem_runtime.py,scripts/paired_eval.py,scripts/probe_prompts.py,tinylm/cli.py
--previous	ok		2026-09-04	scripts/handoff_queue.py,scripts/wip.py
--probe-only	ok		2026-09-04	scripts/diag_fp8_precision.py
--profile-iters	ok	P022C·P025B profiler 반복 수를 timing 반복과 분리	2026-09-20	scripts/diag_fp8_path_attribution.py,scripts/diag_sparse24_path_attribution.py
--project	ok		2026-09-04	scripts/wandb_sync.py,scripts/wandb_table_probe.py
--prompt	ok		2026-09-04	tinylm/cli.py
--prompt-file	ok	임의 생성 probe의 UTF-8 prompt 파일. 한 줄당 한 prompt	2026-09-18	scripts/infer_text_probe.py
--prefill-speedup	ok	P025B inference-prefill micro-gate 최소 속도향상	2026-09-19	scripts/diag_sparse24_inference_attribution.py
--push	ok		2026-09-04	scripts/wandb_sync.py
--push-meta	ok		2026-09-04	scripts/wandb_sync.py
--q-heads	ok		2026-09-04	scripts/diag_sdpa_backends.py
--quiet	ok		2026-09-04	scripts/check_batch_name.py,scripts/check_index_sync.py,scripts/check_plan_numbers.py,scripts/check_static_all.py,scripts/check_tag_arch.py
--real	ok		2026-09-04	scripts/diag_kd_loss.py
--ranks	ok	P093 shared-base residual SVD rank 목록	2026-09-19	scripts/diag_sharing_parent_approx.py
--reason	ok		2026-09-04	scripts/wip.py
--record	ok		2026-09-04	scripts/registry.py
--records-informational	ok	SFT v2 감사에서 레코드 수를 실패 gate 아닌 정보값으로 판정	2026-09-18	scripts/audit_sft_corpus.py
--render	ok		2026-09-04	scripts/handoff_queue.py,scripts/registry.py
--repair-name-collision	ok	완료 이름 충돌 open WIP를 빈 슬롯으로 감사형 이동; 삭제·덮어쓰기 없음	2026-09-18	scripts/wip.py
--repeat-block	ok		2026-09-04	tinylm/cli.py
--repeat-kv-reuse	rejected	결과 062 - 대가 +0.0591~+0.0928 = 재귀 이득의 5.4~5.7배. 엔트리 축은 닫혔다	2026-09-04	scripts/mem_runtime.py,scripts/paired_eval.py,tinylm/cli.py
--repeat-mode	exp	P043 - inplace 는 추론 --repeat-where even 의 학습 짝	2026-09-04	tinylm/cli.py
--repeat-where	ok		2026-09-04	scripts/bench_infer.py,scripts/paired_eval.py,tinylm/cli.py
--repeats	ok		2026-09-04	scripts/diag_train_repeat.py
--report-every	ok		2026-09-04	scripts/diag_spam_rate.py
--report-greedy	ok		2026-09-04	scripts/diag_kvcache.py
--reps	ok		2026-09-04	scripts/bench_infer.py
--require-wsl	ok	WSL 독립 environment stratum을 Windows 역사 결과와 분리	2026-09-19	scripts/diag_fp8_scaling_overhead.py,scripts/diag_sdpa_wsl_gqa.py,scripts/diag_sparse24_backend.py,scripts/diag_sparse24_inference_attribution.py
--resume	ok		2026-09-04	scripts/wip.py,tinylm/cli.py
--retired-claims	ok		2026-09-04	scripts/wip.py
--reuse-attn-on-dup	rejected	결과 041 §17.4 - 재귀 이득 -0.0203 을 전부 잃고 +0.0079 더 나빴다	2026-09-04	scripts/paired_eval.py,tinylm/cli.py
--root	ok	metadata/SFT 감사 대상 root 지정; 보호 데이터 접근 권한은 별도	2026-09-18	scripts/audit_sft_corpus.py,scripts/check_doc_metadata.py
--rounds	ok	P022C·P025B 측정 순서 교차 반복 횟수	2026-09-20	scripts/diag_fp8_path_attribution.py,scripts/diag_sparse24_path_attribution.py
--rows	ok		2026-09-04	scripts/diag_kd_loss.py
--sample	ok		2026-09-04	scripts/diag_bench_overlap.py,scripts/diag_val_lang.py
--samples	ok	실제 validation span 또는 P093 synthetic activation 표본 수	2026-09-19	scripts/diag_sharing_parent_approx.py,scripts/infer_text_probe.py
--save-every	ok		2026-09-04	tinylm/cli.py
--scan	ok		2026-09-04	scripts/registry.py
--sched	ok		2026-09-04	tinylm/cli.py
--scope	ok	metadata 감사 범위 codex/all 선택; 기본 codex	2026-09-18	scripts/check_doc_metadata.py
--sdpa-gqa	exp	결과046 Windows 구 조합은 VRAM +27%, 시간 +96%로 음성; P060B WSL torch2.10 default dispatcher·현 recipe 재검증은 사용자 승인된 독립 stratum이며 기본값 승격 아님	2026-09-20	tinylm/cli.py
--seed	ok		2026-09-04	scripts/census_heldout_discrimination.py,scripts/diag_layer_map.py,scripts/diag_lut_kernel.py,scripts/eval_bench_suite.py,scripts/eval_korean_bench.py,scripts/eval_slices.py,tinylm/cli.py
--seq	ok		2026-09-19	scripts/check_run_registry.py,scripts/common_bpb.py,scripts/diag_alpha_group.py,scripts/diag_attention_sink.py,scripts/diag_chat_overhead.py,scripts/diag_depth_init.py,scripts/diag_dtype_map.py,scripts/diag_fp8_precision.py,scripts/diag_gqa_equiv.py,scripts/diag_group_agg.py,scripts/diag_kd_loss.py,scripts/diag_layer_map.py,scripts/diag_p067_teacher.py,scripts/diag_repeat_attn_sim.py,scripts/diag_sdpa_backends.py,scripts/diag_sdpa_gqa_model_path.py,scripts/diag_train_repeat.py,scripts/diag_trapping.py,scripts/diag_val_docs.py,scripts/eval_slices.py,scripts/paired_eval.py,tinylm/cli.py
--seq-max	ok		2026-09-04	scripts/census_heldout_discrimination.py,scripts/eval_bench_suite.py,scripts/eval_korean_bench.py
--serialized-chatml	ok	SFT canonical ChatML 총토큰과 supervised mask 실측	2026-09-18	scripts/audit_sft_corpus.py
--session-id	ok	WIP를 정확한 Codex task에 결합하는 식별자	2026-09-18	scripts/wip.py
--set-after	ok		2026-09-04	scripts/wip.py
--sft	ok	2026-09-10 신설 - held-out 감사에서 SFT fresh 와의 8-gram 겹침을 함께 본다(증보 요청서 4-4)	2026-09-10	scripts/audit_heldout_v28.py
--shapes	ok		2026-09-04	scripts/diag_int8mm_paths.py
--show-large	ok		2026-09-04	scripts/diag_spam_rate.py
--sink	ok		2026-09-04	scripts/diag_attention_sink.py
--skip-ablation	ok		2026-09-04	scripts/diag_layer_map.py
--slug	ok		2026-09-04	scripts/new_proposal.py
--snapshot-at	ok		2026-09-04	tinylm/cli.py
--smoke-policy	ok	사용자 승인 stop/collect/warn 정책을 WSL queue plan에 명시하며 실험 조건을 바꾸지 않음	2026-09-19	scripts/queue_menu_linux.py
--source	ok	POSIX smoke wrapper가 파싱할 canonical BAT module 경로 선택; 실행 권한 아님	2026-09-18	scripts/smoke_module.py
--sparse34	exp	3:4 준정형. 표준 경로 전용	2026-09-04	tinylm/cli.py
--spec-only	ok		2026-09-04	scripts/diag_p067_teacher.py
--split-k-modes	ok	P025B cuSPARSELt Split-K mode 탐색 후보	2026-09-20	scripts/diag_sparse24_path_attribution.py
--split-k-values	ok	P025B cuSPARSELt Split-K factor 탐색 후보	2026-09-20	scripts/diag_sparse24_path_attribution.py
--sql	ok		2026-09-04	scripts/registry.py
--squad	ok		2026-09-04	scripts/diag_common_text.py
--stale	ok		2026-09-04	scripts/check_index_sync.py
--stamp-reuse-min	ok		2026-09-04	scripts/runlog.py
--start	ok		2026-09-04	scripts/wip.py
--steps	ok		2026-09-19	scripts/check_run_registry.py,scripts/diag_dynamic_sparse_tlinear.py,scripts/diag_scout_memory_integration.py,tinylm/cli.py
--strict	ok		2026-09-04	scripts/dryrun_batch.py
--structural-audit	ok	SFT 표면 슬롯을 가린 train/eval template 근접도 감사	2026-09-18	scripts/audit_sft_corpus.py
--stub	ok		2026-09-08	scripts/compass.py
--tag-exact	ok	W&B raw experiment tag를 stem suffix exact match로 제한해 부분일치 오업로드 방지	2026-09-20	scripts/wandb_sync.py
--student	ok		2026-09-04	scripts/diag_kd_loss.py
--suffix	ok		2026-09-04	scripts/diag_val_lang.py,scripts/diag_vocab.py
--sync	ok		2026-09-04	scripts/check_flag_whitelist.py
--tag	ok		2026-09-04	scripts/check_run_registry.py,scripts/check_smoke.py,scripts/diag_dtype_map.py,scripts/diag_group_agg.py,scripts/diag_layer_gates.py,scripts/diag_lrm_values.py,scripts/diag_repeat_attn_sim.py,scripts/diag_val_docs.py,scripts/eval_slices.py,scripts/registry.py,scripts/wandb_sync.py,tinylm/cli.py
--target-tokens	ok	teacher-forced 실제 텍스트 probe의 target 토큰 수	2026-09-18	scripts/infer_text_probe.py
--target-train	ok		2026-09-04	scripts/diag_dataset_tokens.py
--target-val	ok		2026-09-04	scripts/diag_dataset_tokens.py
--task	ok		2026-09-04	scripts/census_heldout_discrimination.py,scripts/diag_bench_overlap.py,scripts/eval_bench_suite.py,scripts/eval_korean_bench.py
--tasks	ok	P097 asset gate가 확인할 benchmark 목록을 명시	2026-09-20	scripts/check_p097_stage2_assets.py
--teacher	ok		2026-09-04	scripts/diag_kd_loss.py,scripts/diag_p067_teacher.py
--teacher-dtype	ok		2026-09-04	tinylm/cli.py
--teacher-preset	ok		2026-09-04	scripts/diag_depth_init.py,scripts/diag_layer_gates.py,scripts/diag_repeat_attn_sim.py,scripts/diag_train_repeat.py
--temp	ok		2026-09-04	scripts/diag_kd_loss.py,tinylm/cli.py
--temperature	ok	실제 텍스트 생성 probe sampling 온도. 정량 teacher-forced NLL에는 영향 없음	2026-09-18	scripts/infer_text_probe.py
--temps	ok		2026-09-04	scripts/probe_prompts.py
--ternary-kernel	ok		2026-09-04	tinylm/cli.py
--ternary-kernel-triton	ok		2026-09-04	tinylm/cli.py
--text-only	ok	모델·checkpoint를 로드하지 않고 validation 실제 텍스트 span만 확인한다	2026-09-18	scripts/infer_text_probe.py
--thr	ok		2026-09-04	scripts/diag_common_text.py
--threads	ok		2026-09-04	scripts/bench_infer.py
--tiny	ok		2026-09-04	tinylm/cli.py
--title	ok		2026-09-07	scripts/new_handoff.py,scripts/new_proposal.py
--today	ok	metadata 미래일 검사의 명시 기준일; 파일 수정 없음	2026-09-18	scripts/check_doc_metadata.py
--tok	ok		2026-09-04	scripts/diag_common_text.py,scripts/diag_dataset_tokens.py
--tokenizer	ok		2026-09-04	scripts/audit_heldout_v28.py,scripts/audit_sft_corpus.py
--tokenizer-hf	ok		2026-09-04	scripts/common_bpb.py,tinylm/cli.py
--tokens	ok		2026-09-04	scripts/bench_fused_int8.py,scripts/bench_infer.py,scripts/census_heldout_discrimination.py,scripts/common_bpb.py,scripts/diag_alpha_group.py,scripts/diag_attention_sink.py,scripts/diag_bench_overlap.py,scripts/diag_bench_tokens.py,scripts/diag_cache.py,scripts/diag_decode_profile.py,scripts/diag_depth_init.py,scripts/diag_dtype_map.py,scripts/diag_fp8_precision.py,scripts/diag_group_agg.py,scripts/diag_kd_loss.py,scripts/diag_kvcache.py,scripts/diag_layer_gates.py,scripts/diag_layer_map.py,scripts/diag_repeat_attn_sim.py,scripts/diag_sparse34.py,scripts/diag_sparse34_pack.py,scripts/diag_train_repeat.py,scripts/diag_trapping.py,scripts/diag_val_docs.py,scripts/diag_vocab.py,scripts/eval_bench_suite.py,scripts/eval_korean_bench.py,scripts/eval_slices.py,scripts/mem_runtime.py,scripts/paired_eval.py,scripts/probe_prompts.py,tinylm/cli.py
--tol	ok		2026-09-04	scripts/diag_kvcache.py
--top	ok		2026-09-04	scripts/diag_dataset_quality.py,scripts/diag_val_docs.py
--top-k	ok		2026-09-04	scripts/probe_prompts.py,tinylm/cli.py
--top-unused	ok		2026-09-04	scripts/diag_vocab.py
--train	ok		2026-09-04	scripts/diag_dataset_quality.py,scripts/diag_dataset_tokens.py
--train-repeat	ok		2026-09-04	tinylm/cli.py
--tune-iters	ok	P025B 알고리즘 탐색 반복 수; 최종 확인 반복과 분리	2026-09-20	scripts/diag_sparse24_path_attribution.py
--tune-warmup	ok	P025B 알고리즘 탐색 warmup; 최종 확인 warmup과 분리	2026-09-20	scripts/diag_sparse24_path_attribution.py
--turns	ok		2026-09-04	scripts/diag_chat_overhead.py
--unpack-cache	ok		2026-09-04	scripts/bench_infer.py,scripts/mem_runtime.py
--update-every	ok	P092 TLinear microtrainer topology update interval	2026-09-19	scripts/diag_dynamic_sparse_tlinear.py
--user-owned	ok		2026-09-04	scripts/wip.py
--val	ok		2026-09-04	scripts/diag_dataset_quality.py,scripts/diag_dataset_tokens.py
--verbose	ok		2026-09-04	scripts/check_doc_ownership.py,scripts/check_flag_used.py,scripts/check_flag_whitelist.py,scripts/check_imports.py,scripts/check_index_sync.py
--verbose-build	ok	P014D native extension compiler 명령·진단 출력 opt-in	2026-09-20	scripts/bench_lut_cpu_native.py,scripts/test_lut_cpu_native.py
--verify	ok		2026-09-04	scripts/fetch_bench_data.py,scripts/plot_results.py
--vocab	ok		2026-09-04	scripts/diag_kd_loss.py
--vs	ok		2026-09-04	tinylm/cli.py
--wait	ok		2026-09-04	scripts/wip.py
--wandb	ok		2026-09-04	scripts/eval_bench_suite.py
--wandb-project	ok		2026-09-04	scripts/eval_bench_suite.py
--wandb-standalone	ok		2026-09-04	scripts/eval_bench_suite.py
--warn	ok		2026-09-04	scripts/check_spill.py
--warmup	ok	GPU backend timing 전 CUDA warmup 반복 수	2026-09-19	scripts/diag_fp8_scaling_overhead.py,scripts/diag_sdpa_gqa_model_path.py,scripts/diag_sdpa_wsl_gqa.py,scripts/diag_sparse24_backend.py,scripts/diag_sparse24_inference_attribution.py
--wide	ok		2026-09-06	scripts/bench_tsv.py
--window	ok		2026-09-04	scripts/diag_attention_sink.py
--windows	ok	P091 selector S/U stability window count	2026-09-19	scripts/diag_layer_state_selector.py
--wq-dtype	ok		2026-09-04	tinylm/cli.py
--write	ok		2026-09-04	scripts/label_heldout_controlled.py,scripts/stamp_index_dates.py
--yes	ok		2026-09-04	scripts/cleanup_ckpt.py
