# family	천구·궤도·행성·위성·관측자의 상대 위치
# axes	전경/배경, 합·충, 공전면, 가림, 관측자 기준 방향
# columns	concepts	relations	other_category	logic_pattern	directly_authored_text
# 001~030 천체계·궤도·시야 영역의 포함
지구궤도안쪽의금성공전경로	other,boundary,classification	containment_location	containment	지구궤도안쪽의금성공전경로는 태양에서 평균적으로 더 작은 반지름에 놓인다. 한 시각의 행성 간 거리와 궤도 포함을 구별한다.
화성힐구안의작은위성	other,boundary,state	containment_location	containment	화성힐구안의작은위성은 태양 조석보다 화성 중력이 우세한 공간 범위에 머문다. 단순히 화성과 가까운 순간만을 뜻하지 않는다.
은하원반내의태양계위치	other,classification,state	containment_location	containment	은하원반내의태양계위치는 별과 가스가 주로 분포하는 얇은 구조 범위에 있다. 은하 중심핵이나 헤일로 내부 위치와 구분한다.
행성그림자원뿔안의위성	other,boundary,state	containment_location	containment	행성그림자원뿔안의위성은 별빛이 행성에 가려 직접 도달하지 않는 공간에 들어온다. 관측자의 시야 가림과 물리적 그림자 포함은 다르다.
망원경시야원안의혜성핵	other,boundary,state	containment_location	containment	망원경시야원안의혜성핵은 현재 조준과 배율에서 영상 경계 안에 투영된다. 꼬리 전체가 같은 시야에 포함될 필요는 없다.
달궤도밖의우주선	other,boundary,state	containment_location	containment	달궤도밖의우주선은 지구 중심 거리로 보아 달의 평균 공전 반지름보다 먼 위치다. 지구 중력권 밖이라는 결론과는 다르다.
토성고리틈안의작은위성	other,boundary,classification	containment_location	containment	토성고리틈안의작은위성은 고리 입자 밀도가 낮은 반지름 구간을 공전한다. 고리 평면 안이라는 포함과 틈 내부라는 포함을 함께 본다.
태양권내의외행성탐사선	other,boundary,process	containment_location	containment	태양권내의외행성탐사선은 태양풍 영향이 성간 매질보다 우세한 경계 안을 이동한다. 행성 궤도 밖이어도 태양권에는 포함될 수 있다.
성단각반경안의배경은하	other,boundary,contrast	containment_location	containment	성단각반경안의배경은하는 하늘 투영에서 성단 경계 안에 보이지만 실제 거리상 성단 구성원이 아니다. 시야 포함과 물리 소속을 나눈다.
외계행성통과대역내의궤도	other,boundary,classification	containment_location	containment	외계행성통과대역내의궤도는 관측자 시선에서 별 원반을 가로지를 수 있는 기울기 범위에 있다. 모든 공전에서 실제 통과가 검출되는 것은 아니다.
쌍성로슈엽안의별물질	other,boundary,state	containment_location	containment	쌍성로슈엽안의별물질은 해당 별 중력이 묶어 두는 유효 퍼텐셜 경계 안에 있다. 경계를 넘으면 동반성 쪽으로 이동할 수 있다.
달충돌분지안의분화구	other,boundary,part_of	containment_location	containment	달충돌분지안의분화구는 큰 충돌 지형 경계 안에 다시 형성된 작은 함몰부다. 두 구조의 생성 시점과 포함 단계를 구분한다.
우주망원경검출영역속의초신성	other,boundary,function	containment_location	containment	우주망원경검출영역속의초신성은 해당 관측 장비가 촬영한 하늘 면적 안에 위치한다. 실제 폭발 영향권 안이라는 의미는 아니다.
목성자기권내의갈릴레이위성	other,boundary,state	containment_location	containment	목성자기권내의갈릴레이위성은 목성 자기장이 태양풍을 지배하는 공간을 지난다. 위성 궤도 전체가 언제나 같은 경계 안에 있는지 따로 본다.
은하헤일로안의구상성단	other,classification,state	containment_location	containment	은하헤일로안의구상성단은 원반 바깥을 둘러싼 희박한 구형 성분에 분포한다. 하늘에서 은하 원반과 겹쳐 보일 수 있다.
태양홍염고리내의플라스마	other,boundary,process	containment_location	containment	태양홍염고리내의플라스마는 자기력선이 만든 아치형 공간을 따라 묶여 있다. 영상 윤곽 안 포함과 실제 자기 구조를 대응해 본다.
행성대기권안의진입캡슐	other,boundary,process	containment_location	containment	행성대기권안의진입캡슐은 밀도 기준으로 정한 대기 경계를 지나 감속 중이다. 행성 표면에 착륙한 상태와는 다르다.
소행성대내의왜행성궤도	other,classification,state	containment_location	containment	소행성대내의왜행성궤도는 화성과 목성 궤도 사이의 주된 작은 천체 분포 범위에 있다. 어느 소행성 무리에 소속되는지는 별도다.
오르트구름안쪽영역의혜성	other,boundary,state	containment_location	containment	오르트구름안쪽영역의혜성은 태양계 외곽 구형 저장고의 비교적 작은 반지름 범위에 있다. 관측 시점에는 태양 가까이 들어올 수 있다.
태양원반위에투영된수성	other,boundary,state	containment_location	containment	태양원반위에투영된수성은 지구 관측 영상에서 밝은 원반 경계 안의 검은 점으로 보인다. 수성이 태양 내부에 들어간 것은 아니다.
성운윤곽안의전경별	other,boundary,contrast	containment_location	containment	성운윤곽안의전경별은 하늘 평면에서 가스 구름 경계 안에 겹치지만 실제로는 관측자에 더 가깝다. 투영 포함과 물리 포함을 구별한다.
은하단중력렌즈임계선안의상	other,boundary,state	containment_location	containment	은하단중력렌즈임계선안의상은 렌즈 모형의 특정 하늘 영역에 나타난다. 실제 배경 은하 위치가 그 선 안이라는 뜻은 아니다.
위성안테나빔안의지상국	other,boundary,function	containment_location	containment	위성안테나빔안의지상국은 전파 지향 범위가 지표에 만든 점유 영역 안에 있다. 물리 위성 궤도에 포함되는 관계와 다르다.
우주정거장안의도킹우주선	other,boundary,state	containment_location	containment	우주정거장안의도킹우주선은 일부 선체가 외부에 남아도 접속부와 승무원 공간이 내부 구조에 연결된다. 완전한 용기 포함은 아니다.
행성고리외곽경계안의입자	other,boundary,state	containment_location	containment	행성고리외곽경계안의입자는 중심 행성에서 정한 최대 고리 반지름보다 안쪽에 있다. 고리의 특정 띠 소속은 더 세밀히 본다.
일식전영대안의관측지	other,boundary,state	containment_location	containment	일식전영대안의관측지는 달의 본그림자가 지표에 지나가는 띠 안에 있다. 시간에 따라 포함 여부와 그림자 중심 위치가 이동한다.
우주선통신가시구역내의기지국	other,boundary,function	containment_location	containment	우주선통신가시구역내의기지국은 행성이나 지평선에 가리지 않는 전파 시야 범위에 있다. 거리만 가까워도 포함되는 것은 아니다.
태양광구경계안의흑점군	other,boundary,part_of	containment_location	containment	태양광구경계안의흑점군은 관측 원반 내부 표면에 나타난 어두운 구조다. 원반 가장자리 밖의 홍염과 투영 위치가 다르다.
위성관측띠안의지표목표	other,boundary,function	containment_location	containment	위성관측띠안의지표목표는 센서가 한 궤도 통과에서 촬영 가능한 지상 폭 안에 있다. 구름과 조준 상태는 실제 관측을 제한할 수 있다.
우주잔해회피상자밖의파편	other,boundary,state	containment_location	containment	우주잔해회피상자밖의파편은 우주선 주위에 정한 위험 부피 경계에는 들어오지 않았다. 미래 상대 궤적의 교차 가능성은 별도로 계산한다.
# 031~060 합·충·전경·배경·공전 방향
태양과행성사이의내합위치	other,classification,state	directional_order	direction	태양과행성사이의내합위치는 지구 관측선에서 내행성이 태양 앞쪽 방향에 놓이는 배열이다. 실제 직선 정렬 오차와 각분리를 함께 본다.
태양너머의외합행성	other,boundary,state	directional_order	direction	태양너머의외합행성은 관측자에서 태양을 지나 더 먼 방향에 있다. 영상상 태양과 가깝지만 물리 거리는 크게 떨어져 있다.
태양반대편의충위치행성	other,contrast,state	directional_order	direction	태양반대편의충위치행성은 지구에서 볼 때 태양과 하늘의 반대 방향에 놓인다. 지구가 두 천체 사이에 가까운 배열을 이룬다.
전경별뒤의배경은하	other,contrast,state	directional_order	direction	전경별뒤의배경은하는 같은 시선에서 별보다 관측자에게 훨씬 먼 위치다. 화면 겹침을 실제 접촉이나 동일 계로 해석하지 않는다.
달동쪽의밝은행성	other,classification,state	directional_order	direction	달동쪽의밝은행성은 천구 좌표에서 달보다 동쪽 방위에 보인다. 관측자가 지평선을 보는 화면 좌우와 일치하는지는 시간과 자세에 달려 있다.
북천극주위의주극성	other,boundary,state	directional_order	direction	북천극주위의주극성은 관측지에서 지평선 아래로 지지 않는 작은 각거리 범위에 있다. 지리 북쪽과 천구 북쪽을 대응해 읽는다.
공전방향앞쪽의라그랑주탐사선	other,role,state	directional_order	direction	공전방향앞쪽의라그랑주탐사선은 행성 궤도에서 행성보다 일정 각도 선행하는 평형점 근처에 있다. 순간 직선 전방과는 다른 궤도 기준이다.
공전방향뒤쪽의트로이군	other,classification,state	directional_order	direction	공전방향뒤쪽의트로이군은 행성을 따라가는 라그랑주 영역에 분포한다. 지구 관측 화면에서 항상 행성 뒤로 보이는 것은 아니다.
행성북극위쪽의궤도선	other,boundary,state	directional_order	direction	행성북극위쪽의궤도선은 행성 회전축 북쪽 연장 방향에서 고위도 상공을 지난다. 우주 공간의 절대 위라는 방향과 다르다.
공전면아래의경사궤도위성	other,boundary,attribute	directional_order	direction	공전면아래의경사궤도위성은 기준 평면의 음의 법선 쪽에 순간 위치한다. 반 바퀴 뒤에는 같은 궤도가 평면 위쪽을 지난다.
은하중심쪽의별구름	other,classification,state	directional_order	direction	은하중심쪽의별구름은 태양 위치에서 은하 핵을 향한 시선 방향에 있다. 지구 북쪽이나 태양계 공전 전방과는 다른 축이다.
은하반중심방향의산개성단	other,contrast,state	directional_order	direction	은하반중심방향의산개성단은 은하 중심에서 멀어지는 하늘 방위에 보인다. 실제 성단 거리는 각방향만으로 정해지지 않는다.
달앞을지나는저궤도위성	other,boundary,process	directional_order	direction	달앞을지나는저궤도위성은 관측자 시선에서 달 원반보다 가까운 전경을 빠르게 통과한다. 위성이 달 궤도 근처에 있다는 뜻은 아니다.
행성뒤로숨은위성	other,boundary,state	directional_order	direction	행성뒤로숨은위성은 관측선에서 행성 원반의 먼 쪽에 놓여 가려진다. 행성 자체축 뒤와 관측자 기준 뒤를 구별한다.
별원반앞의통과행성	other,boundary,process	directional_order	direction	별원반앞의통과행성은 관측자와 별 사이 시선에 놓여 밝기 일부를 가린다. 궤도상 별의 물리 표면에 닿는 위치는 아니다.
혜성꼬리태양반대방향	other,function,state	directional_order	direction	혜성꼬리태양반대방향은 태양풍과 복사압 때문에 혜성 핵에서 태양 바깥쪽으로 뻗는다. 혜성의 운동 뒤쪽과 항상 일치하지 않는다.
초승달밝은면의태양쪽방향	other,state,attribute	directional_order	direction	초승달밝은면의태양쪽방향은 달 표면에서 햇빛이 들어오는 쪽을 가리킨다. 달의 공전 진행 방향이나 관측 화면 위쪽과 다르다.
일몰뒤서쪽하늘의내행성	other,boundary,state	directional_order	direction	일몰뒤서쪽하늘의내행성은 태양보다 동쪽 각거리에 있어 해 진 뒤 잠시 서쪽 지평선 위에 보인다. 단순 지리 서쪽 위치로 이해하지 않는다.
새벽동쪽하늘의수성	other,boundary,state	directional_order	direction	새벽동쪽하늘의수성은 태양보다 서쪽 각거리에 있어 해 뜨기 전 동쪽 지평선 위에 나타난다. 천구 동서와 시각 순서를 함께 본다.
황도북쪽의별자리	other,boundary,classification	directional_order	direction	황도북쪽의별자리는 태양의 연주 경로 기준 북천구 쪽에 위치한다. 천구 적도 북쪽과 같은 분류인지 별도 좌표를 확인한다.
천구적도남쪽의성운	other,boundary,state	directional_order	direction	천구적도남쪽의성운은 적위가 음수인 하늘 위치에 있다. 관측지 지평선 아래인지 여부는 위도와 시간에 달려 있다.
행성자전방향앞의대기소용돌이	other,process,state	directional_order	direction	행성자전방향앞의대기소용돌이는 회전 좌표계에서 기준 무늬보다 동쪽 또는 서쪽으로 선행한다. 관성계 운동 방향과 구분한다.
위성공전진행쪽의근접우주선	other,process,boundary	directional_order	direction	위성공전진행쪽의근접우주선은 같은 궤도 접선에서 위성보다 앞선 위치에 있다. 더 높은 궤도에서는 각속도 관계가 달라질 수 있다.
태양북극쪽의코로나구멍	other,classification,state	directional_order	direction	태양북극쪽의코로나구멍은 태양 자전축 북편 고위도에 나타난 어두운 영역이다. 지구 관측 영상 위쪽과 일치하려면 태양축 기울기를 고려한다.
궤도근지점앞의감속구간	other,process,comparison	directional_order	direction	궤도근지점앞의감속구간은 우주선 진행 순서에서 최근접점에 도달하기 전 구간이다. 거리 감소와 속도 변화의 방향을 따로 기록한다.
궤도원지점뒤의귀환구간	other,process,state	directional_order	direction	궤도원지점뒤의귀환구간은 가장 먼 지점을 지난 뒤 중심 천체 쪽 거리 감소가 시작된 부분이다. 화면 뒤편과는 다른 시간 순서다.
목성대적점동쪽의작은폭풍	other,classification,state	directional_order	direction	목성대적점동쪽의작은폭풍은 행성 좌표에서 기준 무늬보다 동편 경도에 있다. 자전 방향 정의에 따라 지도 좌우 표기가 달라질 수 있다.
토성고리위쪽의위성그림자	other,boundary,state	directional_order	direction	토성고리위쪽의위성그림자는 관측 영상에서 고리 평면의 밝은 면에 투영된다. 실제 그림자 공간이 고리 위에 떠 있다는 뜻은 아니다.
성간구름너머의적색별	other,boundary,contrast	directional_order	direction	성간구름너머의적색별은 관측자에서 먼 쪽에 있어 구름 먼지에 의해 빛이 약해진다. 화면 색만으로 전후 순서를 확정하지 않는다.
은하회전방향선행쪽의나선팔	other,process,classification	directional_order	direction	은하회전방향선행쪽의나선팔은 기준 위치에서 원반 회전이 향하는 앞쪽 방위에 있다. 나선 무늬와 별 물질의 실제 속도는 다를 수 있다.
# 061~090 가림·궤도 교차·중력 연결 위상
일식의태양달관측자정렬	other,boundary,state	adjacency_connectivity	topology	일식의태양달관측자정렬은 달이 두 시선 사이에 놓여 태양 원반을 가리는 배열이다. 천체들이 물리적으로 맞닿는 관계는 아니다.
월식의태양지구달정렬	other,boundary,state	adjacency_connectivity	topology	월식의태양지구달정렬은 지구가 태양과 달 사이에 놓여 달 궤도가 그림자와 교차하는 배열이다. 완전한 직선에서 벗어나도 부분식이 생긴다.
두궤도의공간교차선	other,boundary,contrast	adjacency_connectivity	topology	두궤도의공간교차선은 서로 다른 궤도면이 만나는 선이며 각 궤도는 교점 두 곳을 지난다. 천체가 같은 시각에 그 점에 있어야 충돌한다.
투영상겹친이중성영상	other,boundary,state	adjacency_connectivity	topology	투영상겹친이중성영상은 망원경 분해능보다 각거리가 작아 두 별빛이 한 점처럼 보이는 상태다. 물리 쌍성인지 우연한 시선 정렬인지 구별한다.
중력으로묶인쌍성계	other,function,state	adjacency_connectivity	topology	중력으로묶인쌍성계는 두 별이 공통 질량중심 주위를 도는 동역학적 연결을 가진다. 별 표면 사이에는 큰 공간 간격이 남는다.
라그랑주점의공전동기연결	other,function,process	adjacency_connectivity	topology	라그랑주점의공전동기연결은 작은 물체가 두 큰 천체와 일정한 상대 배열을 유지하도록 회전계 힘이 균형을 이룬다.
행성과고리입자의중력계층	other,function,part_of	adjacency_connectivity	topology	행성과고리입자의중력계층은 수많은 입자가 같은 중심 천체 주위를 돌며 하나의 고리 구조를 이룬다. 입자끼리 모두 직접 연결된 것은 아니다.
위성과지상국의가시선연결	other,function,boundary	adjacency_connectivity	topology	위성과지상국의가시선연결은 두 위치 사이 직선이 행성이나 지형에 막히지 않을 때 열린다. 전파 범위와 안테나 방향도 필요하다.
행성엄폐로끊긴통신선	other,boundary,state	adjacency_connectivity	topology	행성엄폐로끊긴통신선은 우주선과 지상국 사이에 행성 몸체가 들어와 직접 전파 경로가 막힌 상태다. 중계 위성이 있으면 우회 연결이 가능하다.
도킹포트로결합된두우주선	other,part_of,state	adjacency_connectivity	topology	도킹포트로결합된두우주선은 압력 통로와 기계 잠금 장치로 하나의 이동 구조가 된다. 선체 전체 표면이 접촉하는 것은 아니다.
테더로이어진위성쌍	other,function,state	adjacency_connectivity	topology	테더로이어진위성쌍은 서로 떨어진 채 긴 줄을 통해 힘과 전류를 주고받는다. 공간 간격이 존재해도 기계적 연결은 유지된다.
궤도공명으로연결된위성들	other,function,process	adjacency_connectivity	topology	궤도공명으로연결된위성들은 공전 주기 비가 단순한 정수 관계를 이루어 장기 위치가 상호 제약된다. 직접 접촉이나 같은 궤도는 아니다.
중력렌즈의다중상연결	other,function,state	adjacency_connectivity	topology	중력렌즈의다중상연결은 한 배경 광원의 빛 경로가 렌즈 주위를 여러 갈래로 지나 여러 영상이 된다. 화면상의 상들은 별도 천체가 아니다.
성간필라멘트와은하단노드	other,part_of,function	adjacency_connectivity	topology	성간필라멘트와은하단노드는 긴 물질 구조가 밀집 중심에서 만나 우주 거대망을 이룬다. 투영 인접만으로 물리 연결을 확정하지 않는다.
자기력선으로이어진태양흑점쌍	other,function,state	adjacency_connectivity	topology	자기력선으로이어진태양흑점쌍은 광구에서 떨어져 있어도 코로나의 자기 고리가 두 극성을 연결한다. 표면 사이가 직접 맞닿은 것은 아니다.
혜성궤도와행성궤도의교차점	other,boundary,process	adjacency_connectivity	topology	혜성궤도와행성궤도의교차점은 두 경로의 공간 좌표가 같을 수 있는 위치다. 통과 시각이 다르면 충돌 없이 교차한다.
행성간전이궤도의접속구간	other,process,function	adjacency_connectivity	topology	행성간전이궤도의접속구간은 출발 행성 근처 궤도에서 태양 중심 경로로 바뀌는 동역학적 전환이다. 하나의 단순 선 접점으로만 표현하기 어렵다.
위성군의통신망링크	other,function,state	adjacency_connectivity	topology	위성군의통신망링크는 서로 가시 범위에 있는 위성들이 전파로 연결된 그래프를 이룬다. 가까운 이웃이라도 안테나 방향이 맞지 않으면 끊긴다.
달궤도관문과지구전이경로	other,process,function	adjacency_connectivity	topology	달궤도관문과지구전이경로는 우주선이 달 중력권 경계와 지구 중심 궤도를 잇는 통과 영역이다. 공간 위치와 에너지 조건이 함께 맞아야 한다.
충돌후이어진소행성접촉쌍	other,process,state	adjacency_connectivity	topology	충돌후이어진소행성접촉쌍은 두 덩어리가 약한 중력과 표면 접촉으로 하나의 형상을 이룬다. 목이 끊기면 독립 천체로 나뉜다.
행성대기와태양풍의경계접촉	other,boundary,process	adjacency_connectivity	topology	행성대기와태양풍의경계접촉은 두 플라스마 흐름이 충격파와 자기 경계에서 맞선다. 고정된 고체 표면처럼 한 선에 머물지 않는다.
은하병합의겹친별원반	other,process,state	adjacency_connectivity	topology	은하병합의겹친별원반은 두 은하의 공간 분포가 침투하며 공통 영역을 만든 상태다. 개별 별 충돌은 드물어도 중력 구조는 연결된다.
성운과젊은성단의물질연결	other,process,function	adjacency_connectivity	topology	성운과젊은성단의물질연결은 같은 가스 구름에서 별이 태어나 주변 물질과 동역학적으로 연관된 관계다. 하늘 윤곽 중첩만으로는 부족하다.
우주선궤적과대기경계의진입점	other,boundary,process	adjacency_connectivity	topology	우주선궤적과대기경계의진입점은 진공 비행 경로가 밀도 기준면을 통과하며 감속 환경으로 바뀌는 위치다. 대기는 두께 없는 면이 아니다.
태양풍종단충격과헬리오시스	other,boundary,part_of	adjacency_connectivity	topology	태양풍종단충격과헬리오시스는 태양풍이 느려지는 경계와 외부 압력에 막히는 경계 사이 영역을 이룬다. 두 경계는 서로 떨어져 있다.
위성지상궤적의날짜변경선접합	other,boundary,state	adjacency_connectivity	topology	위성지상궤적의날짜변경선접합은 세계지도 양끝에 나뉘어 보인 선분들이 지구 표면에서 연속되는 관계다. 화면 절단은 실제 궤도 단절이 아니다.
천구좌표의영시경계접합	other,boundary,state	adjacency_connectivity	topology	천구좌표의영시경계접합은 적경 최댓값 다음이 영시로 이어져 이웃한 하늘 위치가 숫자상 멀어 보이는 현상이다. 순환축을 적용한다.
관측모자이크의시야중첩부	other,boundary,function	adjacency_connectivity	topology	관측모자이크의시야중첩부는 이웃 망원경 영상이 공통 별들을 포함하는 영역이다. 기준별을 맞춰 넓은 연속 하늘 지도를 만든다.
성식으로끊긴별빛경로	other,boundary,state	adjacency_connectivity	topology	성식으로끊긴별빛경로는 가까운 천체가 시선에 들어와 먼 별의 직접 광자가 잠시 관측자에게 도달하지 못하는 상태다. 별 자체 연결은 변하지 않는다.
위성궤도평면의승교점연결	other,boundary,process	adjacency_connectivity	topology	위성궤도평면의승교점연결은 천체가 기준면 아래에서 위로 통과하는 교점과 궤도 경로의 관계다. 하강 교점과 반대편에 놓인다.
# 091~120 각거리·궤도반지름·분리
두별사이의각거리	other,comparison,attribute	distance_proximity	distance	두별사이의각거리는 관측자 눈에서 두 시선이 이루는 각도다. 실제 공간 거리와 각 별까지의 깊이 정보는 포함하지 않는다.
행성과위성의중심거리	other,comparison,attribute	distance_proximity	distance	행성과위성의중심거리는 두 천체 질량 중심 사이의 삼차원 간격이다. 표면 사이 빈 공간은 각 반지름을 뺀 값이다.
궤도근지점거리	other,comparison,attribute	distance_proximity	distance	궤도근지점거리는 공전 물체가 중심 천체에 가장 가까워지는 중심 간 거리다. 표면 고도나 순간 속도와 별도로 표현한다.
궤도원지점거리	other,comparison,attribute	distance_proximity	distance	궤도원지점거리는 타원 경로에서 중심 천체와 가장 멀어지는 간격이다. 근지점과 함께 궤도 크기와 찌그러짐을 정한다.
행성공전반지름차이	other,comparison,attribute	distance_proximity	distance	행성공전반지름차이는 두 궤도의 대표 장반경을 뺀 값이다. 실제 두 행성 사이 순간 거리는 공전 위상에 따라 크게 달라진다.
위성군의궤도면간격	other,boundary,comparison	distance_proximity	distance	위성군의궤도면간격은 적도 또는 기준 경도를 따라 이웃 공전면의 승교점이 벌어진 각도다. 공간 직선거리 하나로 고정되지 않는다.
망원경각분해한계	other,boundary,attribute	distance_proximity	distance	망원경각분해한계는 가까운 두 점광원을 별개로 식별할 수 있는 최소 각간격이다. 관측 파장과 구경에 따라 달라진다.
별까지의연주시차거리	other,comparison,attribute	distance_proximity	distance	별까지의연주시차거리는 지구 공전 기준선에서 측정한 각도 변화를 역으로 환산한다. 작은 각일수록 별이 멀리 있다.
은하사이의공동이동거리	other,comparison,attribute	distance_proximity	distance	은하사이의공동이동거리는 우주 팽창 좌표에서 두 위치의 현재 분리를 나타낸다. 빛이 출발한 시점의 실제 간격과 다를 수 있다.
광행시간으로잰우주선거리	other,comparison,function	distance_proximity	distance	광행시간으로잰우주선거리는 신호 왕복 시간과 빛의 속도로 계산한다. 송수신 사이 우주선 이동과 장비 지연을 보정해야 한다.
달과지구표면사이빈거리	other,boundary,comparison	distance_proximity	distance	달과지구표면사이빈거리는 중심 간 거리에서 두 천체 반지름을 뺀 값이다. 관측 지점의 지구 표면 위치에 따라 조금 달라진다.
태양지구라그랑주점거리	other,comparison,attribute	distance_proximity	distance	태양지구라그랑주점거리는 회전 좌표에서 힘 균형 위치와 지구 사이의 대표 간격이다. 실제 우주선은 그 점 주변 궤도를 돈다.
위성지상고도	other,boundary,attribute	distance_proximity	distance	위성지상고도는 지표 기준면에서 위성까지의 수직 또는 방사 거리다. 지구 중심거리와 행성 반지름만큼 차이 난다.
행성고리의내외반지름폭	other,boundary,attribute	distance_proximity	distance	행성고리의내외반지름폭은 중심에서 잰 안쪽 경계와 바깥 경계 거리의 차이다. 고리 두께라는 수직 치수와 다르다.
일식본그림자의지표폭	other,boundary,attribute	distance_proximity	distance	일식본그림자의지표폭은 달 그림자가 지구 표면에 만드는 완전 가림 띠의 횡거리다. 지표 곡률과 천체 거리로 시간별로 달라진다.
별원반통과행성의충격매개변수	other,boundary,attribute	distance_proximity	distance	별원반통과행성의충격매개변수는 투영된 이동선이 별 중심에서 얼마나 비껴가는지 반지름 단위로 나타낸다. 실제 삼차원 최근접거리와 다르다.
위성간충돌회피거리	other,boundary,comparison	distance_proximity	distance	위성간충돌회피거리는 예측 궤적의 최근접 시점에 두 물체가 유지할 간격이다. 위치 오차 타원과 상대 속도를 함께 고려한다.
소행성근접통과거리	other,boundary,comparison	distance_proximity	distance	소행성근접통과거리는 지구 중심이나 표면 중 정한 기준에서 가장 가까운 순간까지의 거리다. 관측 오차에 따라 범위로 제시될 수 있다.
쌍성두성분의투영분리	other,comparison,attribute	distance_proximity	distance	쌍성두성분의투영분리는 하늘 평면에서 두 영상 중심 사이의 각도 또는 길이다. 궤도 기울기 때문에 실제 공간 간격보다 작아 보인다.
성단반광반지름	other,boundary,attribute	distance_proximity	distance	성단반광반지름은 전체 빛의 절반이 포함되는 중심 주변 투영 거리다. 별들의 물리 경계나 최외곽 반지름과는 다르다.
은하원반두께	other,boundary,attribute	distance_proximity	distance	은하원반두께는 중간 평면에서 별 분포가 위아래로 퍼진 수직 규모다. 원반 지름이나 관측 영상의 기울어진 폭과 구별한다.
행성대기척도높이	other,comparison,attribute	distance_proximity	distance	행성대기척도높이는 밀도가 일정 비율로 줄어드는 대표 수직 거리다. 대기권의 뚜렷한 끝 높이를 직접 의미하지 않는다.
혜성꼬리길이의투영값	other,comparison,attribute	distance_proximity	distance	혜성꼬리길이의투영값은 하늘 평면에 보이는 핵과 끝 사이 간격이다. 시선 방향으로 기울어져 있으면 실제 길이를 과소평가한다.
우주정거장도킹접근거리	other,process,function	distance_proximity	distance	우주정거장도킹접근거리는 방문 우주선이 단계별 정지점을 지나 접속구까지 줄여 가는 상대 간격이다. 속도와 방향 정렬도 함께 제한된다.
전파망원경기선길이	other,comparison,attribute	distance_proximity	distance	전파망원경기선길이는 두 안테나 위치 사이 거리이며 간섭계 각분해능을 좌우한다. 지표 곡률과 관측 방향에 따른 투영 기선을 따로 계산한다.
우주망원경시야각지름	other,boundary,attribute	distance_proximity	distance	우주망원경시야각지름은 한 번의 노출에서 담는 하늘 원의 폭이다. 같은 각도라도 대상 거리별 실제 공간 크기는 달라진다.
행성자기권꼬리길이	other,boundary,attribute	distance_proximity	distance	행성자기권꼬리길이는 태양 반대 방향으로 늘어난 자기장 영향 범위다. 태양풍 상태에 따라 경계가 압축되거나 길어진다.
태양권종단충격거리	other,boundary,comparison	distance_proximity	distance	태양권종단충격거리는 태양에서 태양풍 속도가 급격히 줄어드는 경계까지의 간격이다. 방향과 태양 활동에 따라 구형으로 일정하지 않다.
은하단중심과충격파거리	other,comparison,attribute	distance_proximity	distance	은하단중심과충격파거리는 뜨거운 가스 구조가 중심에서 떨어진 투영 또는 삼차원 간격이다. 관측 시선 기울기를 명시해야 한다.
위성관측띠폭	other,boundary,attribute	distance_proximity	distance	위성관측띠폭은 센서 시야가 지표에 만드는 횡방향 촬영 범위다. 고도와 조준 각, 지구 곡률에 따라 달라진다.
# 121~150 관측자·천구·회전 기준계
관측자지평좌표의천정방향	other,role,classification	reference_frame_projection	reference_frame	관측자지평좌표의천정방향은 관측지에서 중력 반대쪽 바로 위를 가리킨다. 지구 자전 때문에 천구 별들이 이 축 주위를 이동해 보인다.
관측자기준의동쪽지평점	other,role,boundary	reference_frame_projection	reference_frame	관측자기준의동쪽지평점은 현 위치 수평면에서 해가 뜨는 평균 방위 쪽이다. 지도 화면 오른쪽과 같으려면 북쪽을 위로 둬야 한다.
천구적도좌표의적경영시	other,classification,boundary	reference_frame_projection	reference_frame	천구적도좌표의적경영시는 춘분점 방향을 시작으로 하늘 경도를 재는 순환 경계다. 하루 끝 값과 공간적으로 이어진다.
황도좌표의북극방향	other,classification,attribute	reference_frame_projection	reference_frame	황도좌표의북극방향은 지구 공전면에 수직인 북쪽 축이다. 천구 적도 북극과 지구 자전축 기울기만큼 떨어져 있다.
은하좌표의중심경도원점	other,classification,attribute	reference_frame_projection	reference_frame	은하좌표의중심경도원점은 하늘에서 은하 핵 방향을 기준으로 경도를 세는 시작선이다. 지리 경도나 적경 원점과 다르다.
우주선자체축의태양쪽면	other,role,state	reference_frame_projection	reference_frame	우주선자체축의태양쪽면은 순간 태양 벡터를 향하도록 정렬된 차체 면이다. 궤도 진행 전방이나 행성 아래쪽과 일치하지 않을 수 있다.
행성고정좌표의경도영도선	other,classification,boundary	reference_frame_projection	reference_frame	행성고정좌표의경도영도선은 행성과 함께 회전하는 표면 기준선이다. 관성 공간에서는 시간이 지나며 방위가 계속 바뀐다.
관성좌표와회전좌표의위성위치차	other,process,comparison	reference_frame_projection	reference_frame	관성좌표와회전좌표의위성위치차는 같은 궤도를 고정 별 기준과 행성 표면 기준에서 표현한 결과다. 수치 궤적 모양이 서로 다르다.
망원경영상좌표의북쪽회전각	other,attribute,state	reference_frame_projection	reference_frame	망원경영상좌표의북쪽회전각은 검출기 세로축과 천구 북쪽이 이루는 차이다. 카메라 자세를 바꾸면 같은 별밭의 화면 방향이 돈다.
천구투영도의극점왜곡	other,boundary,attribute	reference_frame_projection	reference_frame	천구투영도의극점왜곡은 구면의 작은 영역이 평면 가장자리에서 늘어나거나 방향이 변하는 현상이다. 각거리 계산에는 원래 구면 좌표를 쓴다.
별추적기센서좌표의기준별	other,function,attribute	reference_frame_projection	reference_frame	별추적기센서좌표의기준별은 카메라 원점에서 측정한 별 방향을 알려진 천구 목록과 맞추는 표적이다. 대응 후 우주선 자세를 구한다.
지상관측자와우주관측자의시차	other,comparison,state	reference_frame_projection	reference_frame	지상관측자와우주관측자의시차는 서로 다른 위치에서 같은 천체를 보며 배경별에 대한 방향이 달라지는 현상이다. 대상 거리가 가까울수록 커진다.
태양중심좌표와지구중심좌표의행성	other,process,classification	reference_frame_projection	reference_frame	태양중심좌표와지구중심좌표의행성은 같은 물체를 서로 다른 원점에서 나타낸 위치다. 역행처럼 보이는 궤적은 기준계 변화로 생길 수 있다.
달고정좌표의지구쪽반구	other,boundary,state	reference_frame_projection	reference_frame	달고정좌표의지구쪽반구는 조석 고정으로 대체로 지구를 향하는 표면 절반이다. 관측 시 해가 비추는 밝은 반구와 일치하지 않는다.
공전면법선기준의궤도기울기	other,comparison,attribute	reference_frame_projection	reference_frame	공전면법선기준의궤도기울기는 위성 궤도면과 기준면 사이 각도를 나타낸다. 화면에서 보이는 타원의 납작함만으로 직접 읽지 않는다.
관측시선축에투영된행성고리	other,state,attribute	reference_frame_projection	reference_frame	관측시선축에투영된행성고리는 실제 원형 평면이 기울어져 타원처럼 보이는 영상이다. 가장자리보기 때에는 가는 선에 가깝게 압축된다.
별자리판회전후의지평방향	other,process,function	reference_frame_projection	reference_frame	별자리판회전후의지평방향은 관측 시각과 위도에 맞춰 하늘 지도를 돌렸을 때 실제 동서 지평과 정렬된 위치다. 종이 북쪽과 다르다.
궤도좌표의근지점방향축	other,classification,attribute	reference_frame_projection	reference_frame	궤도좌표의근지점방향축은 중심 천체에서 가장 가까운 궤도점으로 향하는 기준선이다. 궤도가 세차하면 관성 공간 방위가 변한다.
행성표면지도와우주영상의정합	other,process,attribute	reference_frame_projection	reference_frame	행성표면지도와우주영상의정합은 분화구나 지형 기준점을 대응시켜 화소를 행성 고정 경위도에 맞추는 과정이다. 시선 원근을 보정한다.
중력렌즈모형의상면좌표	other,classification,attribute	reference_frame_projection	reference_frame	중력렌즈모형의상면좌표는 관측 영상 위치를 렌즈 질량 분포와 배경 광원 위치에 대응시킨다. 실제 공간 깊이를 한 평면에 압축한 값이다.
적응광학영상의파면보정좌표	other,process,attribute	reference_frame_projection	reference_frame	적응광학영상의파면보정좌표는 대기 왜곡을 센서 격자별로 측정해 별빛 방향을 복원한다. 보정 전후 화소 위치가 조금 이동할 수 있다.
위성지상궤적의경도순환접합	other,boundary,state	reference_frame_projection	reference_frame	위성지상궤적의경도순환접합은 세계지도 양끝에 나뉜 경로 조각이 행성 표면에서 이어지는 관계다. 숫자 경계가 실제 단절은 아니다.
행성자전축기울기의계절투영	other,process,attribute	reference_frame_projection	reference_frame	행성자전축기울기의계절투영은 공전 위치가 바뀌며 태양 방향에 대한 북극축 기울기가 다르게 보이는 결과다. 축 자체의 공간 방향은 거의 유지된다.
전파간섭계의합성개구좌표	other,function,classification	reference_frame_projection	reference_frame	전파간섭계의합성개구좌표는 안테나 기선을 관측 방향에 수직인 평면으로 투영한 표본이다. 지구 자전이 표본 위치를 시간별로 바꾼다.
우주망원경모자이크의중첩천구좌표	other,boundary,function	reference_frame_projection	reference_frame	우주망원경모자이크의중첩천구좌표는 여러 시야의 공통 별 위치를 맞춰 넓은 영상을 잇는 기준이다. 검출기 픽셀 원점은 노출마다 다르다.
관측자운동으로생긴광행차보정	other,process,attribute	reference_frame_projection	reference_frame	관측자운동으로생긴광행차보정은 지구나 우주선 속도 때문에 별 방향이 치우쳐 보이는 값을 원래 천구 위치로 되돌린다. 관측자 기준을 명시한다.
시간에따른천구좌표세차변환	other,process,attribute	reference_frame_projection	reference_frame	시간에따른천구좌표세차변환은 지구 자전축 방향 변화로 같은 별의 적경과 적위가 달라지는 것을 기준 시점에 맞추는 과정이다.
태양영상원반중심의흑점좌표	other,state,attribute	reference_frame_projection	reference_frame	태양영상원반중심의흑점좌표는 화면 중심에서 흑점까지의 가로·세로 편위를 나타낸다. 태양 표면 경위도로 바꾸려면 구면 투영을 복원한다.
우주선카메라시야밖의접근위성	other,boundary,state	reference_frame_projection	reference_frame	우주선카메라시야밖의접근위성은 렌즈 화각에 들지 않아 영상에 없지만 상대 센서에는 존재할 수 있다. 비가시성을 공간 부재로 보지 않는다.
좌표변환후유지되는궤도교차위상	other,classification,state	reference_frame_projection	reference_frame	좌표변환후유지되는궤도교차위상은 원점과 축을 바꿔도 두 경로가 실제로 만나는지 여부가 변하지 않는 성질이다. 표시 각도와 좌표만 달라진다.
